S1	E1	S2	E2	Reference	Contig	IDY	Ambiguous	Best_group
685	10622	50698	40761	GCA_000020525.1_crisprs_GCA_000020525.1_CRISPR_1	NODE_1052_length_50698_cov_10.409869	100.0		True
CONTIG	NODE_1052_length_50698_cov_10.409869	50698	correct_unaligned
1	736	22414	23149	GCA_000020525.1_crisprs_GCA_000020525.1_CRISPR_1	NODE_2531_length_23155_cov_9.536875	99.73		True
CONTIG	NODE_2531_length_23155_cov_9.536875	23155	correct_unaligned
1	6316	9840	16155	GCA_000020525.1_crisprs_GCA_000020525.1_CRISPR_2	NODE_2804_length_21324_cov_9.339624	99.81		True
CONTIG	NODE_2804_length_21324_cov_9.339624	21324	correct_unaligned
