S1	E1	S2	E2	Reference	Contig	IDY	Ambiguous	Best_group
48	129	82	1	GCA_000019185.1_crisprs_GCA_000019185.1_CRISPR_0_from_1777670__ml_	NODE_656_length_116288_cov_17.096556	97.56		True
CONTIG	NODE_656_length_116288_cov_17.096556	116288	correct_unaligned
28	129	45039	44938	GCA_000019185.1_crisprs_GCA_000019185.1_CRISPR_0_from_1777670__ml_	NODE_2301_length_45728_cov_16.878528	97.06		True
CONTIG	NODE_2301_length_45728_cov_16.878528	45728	correct_unaligned
388	458	100	30	GCA_000019185.1_crisprs_GCA_000019185.1_CRISPR_0_from_1777670__ml_	NODE_387260_length_676_cov_16.848631	98.59		True
local misassembly
201	700	676	177	GCA_000019185.1_crisprs_GCA_000019185.1_CRISPR_0_from_1777670__ml_	NODE_387260_length_676_cov_16.848631	99.4		True
CONTIG	NODE_387260_length_676_cov_16.848631	676	correct
56	700	4	648	GCA_000019185.1_crisprs_GCA_000019185.1_CRISPR_0_from_1777670__ml_	NODE_1141_length_67360_cov_12.324138	100.0		True
unknown
323	406	675	758	GCA_000019185.1_crisprs_GCA_000019185.1_CRISPR_0_from_1777670__ml_	NODE_1141_length_67360_cov_12.324138	96.43		True
unknown
28	129	1458	1559	GCA_000019185.1_crisprs_GCA_000019185.1_CRISPR_0_from_1777670__ml_	NODE_1141_length_67360_cov_12.324138	97.06		True
unknown
CONTIG	NODE_1141_length_67360_cov_12.324138	67360	mis_unaligned
280	447	168	1	GCA_000019185.1_crisprs_GCA_000019185.1_CRISPR_0_from_1777670__ml_	NODE_19275_length_5646_cov_12.019573	95.24		True
CONTIG	NODE_19275_length_5646_cov_12.019573	5646	correct_unaligned
280	372	115581	115673	GCA_000019185.1_crisprs_GCA_000019185.1_CRISPR_0_from_1777670__ml_	NODE_645_length_115726_cov_17.043287	95.7		True
CONTIG	NODE_645_length_115726_cov_17.043287	115726	correct_unaligned
28	129	690	791	GCA_000019185.1_crisprs_GCA_000019185.1_CRISPR_0_from_1777670__ml_	NODE_2290_length_45728_cov_16.869441	97.06		True
CONTIG	NODE_2290_length_45728_cov_16.869441	45728	correct_unaligned
201	700	646	147	GCA_000019185.1_crisprs_GCA_000019185.1_CRISPR_0_from_1777670__ml_	NODE_414295_length_646_cov_16.900169	99.6		True
CONTIG	NODE_414295_length_646_cov_16.900169	646	correct
