S1	E1	S2	E2	Reference	Contig	IDY	Ambiguous	Best_group
325	700	1	376	GCA_000019185.1_crisprs_GCA_000019185.1_CRISPR_0_from_1777670__ml_	NODE_6634_length_10441_cov_6.313393	99.73		True
unknown
283	458	318	493	GCA_000019185.1_crisprs_GCA_000019185.1_CRISPR_0_from_1777670__ml_	NODE_6634_length_10441_cov_6.313393	96.02		True
unknown
28	129	1186	1287	GCA_000019185.1_crisprs_GCA_000019185.1_CRISPR_0_from_1777670__ml_	NODE_6634_length_10441_cov_6.313393	97.06		True
unknown
CONTIG	NODE_6634_length_10441_cov_6.313393	10441	mis_unaligned
328	447	120	1	GCA_000019185.1_crisprs_GCA_000019185.1_CRISPR_0_from_1777670__ml_	NODE_285781_length_866_cov_7.718631	96.67		True
CONTIG	NODE_285781_length_866_cov_7.718631	866	correct_unaligned
