S1	E1	S2	E2	Reference	Contig	IDY	Ambiguous	Best_group
434	652	3802	3584	GCA_000299995.1_crisprs_GCA_000299995.1_CRISPR_0_from_3959260__crt_	NODE_34686_length_3802_cov_25.386709	98.17		True
CONTIG	NODE_34686_length_3802_cov_25.386709	3802	correct_unaligned
1	148	756	903	GCA_000299995.1_crisprs_GCA_000299995.1_CRISPR_0_from_3959260__crt_	NODE_251025_length_903_cov_9.142689	99.32		True
CONTIG	NODE_251025_length_903_cov_9.142689	903	correct_unaligned
1	148	755	902	GCA_000299995.1_crisprs_GCA_000299995.1_CRISPR_0_from_3959260__crt_	NODE_251379_length_902_cov_8.976387	99.32		True
CONTIG	NODE_251379_length_902_cov_8.976387	902	correct_unaligned
