S1	E1	S2	E2	Reference	Contig	IDY	Ambiguous	Best_group
1	292	405787	405496	GCA_000307105.1_crisprs_GCA_000307105.1_CRISPR_1_from_1127872__finder_crt_	NODE_47_length_405895_cov_42.275037	100.0		True
CONTIG	NODE_47_length_405895_cov_42.275037	405895	correct_unaligned
1	292	449074	448783	GCA_000307105.1_crisprs_GCA_000307105.1_CRISPR_1_from_1127872__finder_crt_	NODE_36_length_449204_cov_31.124194	100.0		True
CONTIG	NODE_36_length_449204_cov_31.124194	449204	correct_unaligned
1	292	109	400	GCA_000307105.1_crisprs_GCA_000307105.1_CRISPR_1_from_1127872__finder_crt_	NODE_53_length_405883_cov_42.263599	100.0		True
CONTIG	NODE_53_length_405883_cov_42.263599	405883	correct_unaligned
1	622	83185	82564	GCA_000307105.1_crisprs_GCA_000307105.1_CRISPR_2_from_3489798__all_	NODE_343_length_169618_cov_41.297600	100.0		True
CONTIG	NODE_343_length_169618_cov_41.297600	169618	correct_unaligned
1	622	87765	88386	GCA_000307105.1_crisprs_GCA_000307105.1_CRISPR_2_from_3489798__all_	NODE_270_length_170971_cov_30.159315	100.0		True
CONTIG	NODE_270_length_170971_cov_30.159315	170971	correct_unaligned
1	622	86434	87055	GCA_000307105.1_crisprs_GCA_000307105.1_CRISPR_2_from_3489798__all_	NODE_345_length_169618_cov_41.325849	100.0		True
CONTIG	NODE_345_length_169618_cov_41.325849	169618	correct_unaligned
1	4504	146296	150799	GCA_000307105.1_crisprs_GCA_000307105.1_CRISPR_0_from_1120959__all_	NODE_431_length_150851_cov_43.026599	100.0		True
CONTIG	NODE_431_length_150851_cov_43.026599	150851	correct_unaligned
1	4504	143023	147526	GCA_000307105.1_crisprs_GCA_000307105.1_CRISPR_0_from_1120959__all_	NODE_342_length_147600_cov_31.700867	100.0		True
CONTIG	NODE_342_length_147600_cov_31.700867	147600	correct_unaligned
1	4504	146296	150799	GCA_000307105.1_crisprs_GCA_000307105.1_CRISPR_0_from_1120959__all_	NODE_427_length_150851_cov_43.029026	100.0		True
CONTIG	NODE_427_length_150851_cov_43.029026	150851	correct_unaligned
