rank	sample	Weighted UniFrac error	Unweighted UniFrac error	L1 norm error	Completeness	Purity	F1 score	True positives	False positives	False negatives	Taxon counts	Jaccard index	Shannon diversity	Shannon equitability	Bray-Curtis distance
superkingdom	strmgCAMI2_short_read_sample_0	0.11437848071428582	38.51589384860749	0.012221399999999938	1.0	0.5	0.6666666666666666	1.0	1.0	0.0	2.0	0.5	0.012376275590547997	0.01785519141915872	0.00614812300994923
phylum	strmgCAMI2_short_read_sample_0	0.11437848071428582	38.51589384860749	0.398689	0.75	1.0	0.8571428571428571	3.0	0.0	1.0	3.0	0.75	0.5877779014483587	0.5350185024426994	0.2005677224255288
class	strmgCAMI2_short_read_sample_0	0.11437848071428582	38.51589384860749	0.39869009999999994	0.6	0.75	0.6666666666666665	3.0	1.0	2.0	4.0	0.5	0.5878457883610679	0.42404110183798793	0.20056816481105902
order	strmgCAMI2_short_read_sample_0	0.11437848071428582	38.51589384860749	0.39870599999999995	0.6666666666666666	0.6666666666666666	0.6666666666666666	4.0	2.0	2.0	6.0	0.5	0.6912302821262032	0.3857829658486507	0.20057455923812795
family	strmgCAMI2_short_read_sample_0	0.11437848071428582	38.51589384860749	0.3984083999999999	0.5555555555555556	0.625	0.5882352941176471	5.0	3.0	4.0	8.0	0.4166666666666667	0.8170070735198417	0.39289735111276014	0.2004548579039485
genus	strmgCAMI2_short_read_sample_0	0.11437848071428582	38.51589384860749	0.4818013	0.5833333333333334	0.6363636363636364	0.6086956521739131	7.0	4.0	5.0	11.0	0.4375	1.2274429314670108	0.5118834610464748	0.24974943481254086
species	strmgCAMI2_short_read_sample_0	0.11437848071428582	38.51589384860749	0.48609	0.25	0.07936507936507936	0.12048192771084337	5.0	58.0	15.0	63.0	0.0641025641025641	1.2541895916264447	0.3027151358697868	0.25211143129212754
strain	strmgCAMI2_short_read_sample_0	0.11437848071428582	38.51589384860749	1.987741000000013	0.002457002457002457	6.090133982947625e-05	0.00011885659951268795	1.0	16419.0	406.0	16420.0	5.943183168905266e-05	8.162245716095375	0.8409263298785363	0.9999697152813872
