tool	sample	Weighted UniFrac error	Unweighted UniFrac error	L1 norm error	Completeness	Purity	F1 score	True positives	False positives	False negatives	Taxon counts	Jaccard index	Shannon diversity	Shannon equitability	Bray-Curtis distance	Weighted UniFrac error (unfiltered)	Unweighted UniFrac error (unfiltered)	L1 norm error (unfiltered)	Completeness (unfiltered)	Purity (unfiltered)	F1 score (unfiltered)	True positives (unfiltered)	False positives (unfiltered)	False negatives (unfiltered)	Taxon counts (unfiltered)	Jaccard index (unfiltered)	Shannon diversity (unfiltered)	Shannon equitability (unfiltered)	Bray-Curtis distance (unfiltered)
LSHVa	marmgCAMI2_short_read_average	0.07102231877819731	0.8098909153345021	0.4136206214284435	0.5882352941176471	0.7407407407407407	0.6557377049180328	20.0	7.0	14.0	27.0	0.4878048780487805	1.9428520003635505	0.5894867007537741	0.2075524328235233	0.07102231877819731	0.8098909153345021	0.41838161594923234	0.6470588235294118	0.7333333333333333	0.6875	22.0	8.0	12.0	30.0	0.5238095238095238	1.9859770399501724	0.583905259558806	0.20919080797461617
LSHVb	marmgCAMI2_short_read_average	0.06935689711614998	0.8092193878350187	0.49408092934845316	0.5294117647058824	0.75	0.6206896551724139	18.0	6.0	16.0	24.0	0.45	2.172282271754224	0.6835259525847598	0.2478360673610439	0.06935689711614998	0.8092193878350187	0.49471207146410245	0.5882352941176471	0.7407407407407407	0.6557377049180328	20.0	7.0	14.0	27.0	0.4878048780487805	2.2117361083717797	0.6710696549289933	0.24735603573205112
Metln	marmgCAMI2_short_read_average	0.05740319728496044	0.3478415033252247	0.2002487442293237	0.5882352941176471	1.0	0.7407407407407407	20.0	0.0	14.0	20.0	0.5882352941176471	1.7059650876629444	0.5694651363618253	0.1005820579966441	0.05740319728496044	0.3478415033252247	0.19539506122065387	0.9117647058823529	0.9117647058823529	0.9117647058823528	31.0	3.0	3.0	34.0	0.8378378378378378	1.7705204020597725	0.5020815057622308	0.09769753061032693
