tool	sample	Weighted UniFrac error	Unweighted UniFrac error	L1 norm error	Completeness	Purity	F1 score	True positives	False positives	False negatives	Taxon counts	Jaccard index	Shannon diversity	Shannon equitability	Bray-Curtis distance	Weighted UniFrac error (unfiltered)	Unweighted UniFrac error (unfiltered)	L1 norm error (unfiltered)	Completeness (unfiltered)	Purity (unfiltered)	F1 score (unfiltered)	True positives (unfiltered)	False positives (unfiltered)	False negatives (unfiltered)	Taxon counts (unfiltered)	Jaccard index (unfiltered)	Shannon diversity (unfiltered)	Shannon equitability (unfiltered)	Bray-Curtis distance (unfiltered)
LSHVa	marmgCAMI2_short_read_average	0.07102231877819731	0.8098909153345021	0.8478062284723267	0.6102941176470589	0.8556701030927835	0.7124463519313304	83.0	14.0	53.0	97.0	0.5533333333333333	3.6402871611901575	0.7957414530220394	0.42565916732908626	0.07102231877819731	0.8098909153345021	0.8544315135876259	0.6323529411764706	0.8514851485148515	0.7257383966244726	86.0	15.0	50.0	101.0	0.5695364238410596	3.6912887705516635	0.7998250006866783	0.427215756793813
LSHVb	marmgCAMI2_short_read_average	0.06935689711614998	0.8092193878350187	0.7996070437205041	0.49264705882352944	0.8701298701298701	0.6291079812206574	67.0	10.0	69.0	77.0	0.4589041095890411	3.785226203582751	0.8714078638373807	0.4015276207780213	0.06935689711614998	0.8092193878350187	0.8031848709396514	0.5220588235294118	0.8658536585365854	0.6513761467889908	71.0	11.0	65.0	82.0	0.48299319727891155	3.839890938680118	0.8713718127298377	0.4015924354698259
Metln	marmgCAMI2_short_read_average	0.05740319728496044	0.3478415033252247	0.3886547537536941	0.5882352941176471	0.9523809523809523	0.7272727272727274	80.0	4.0	56.0	84.0	0.5714285714285714	3.454702062344981	0.7796986919537833	0.1952831992749366	0.05740319728496044	0.3478415033252247	0.3798575964685804	0.8676470588235294	0.9147286821705426	0.8905660377358491	118.0	11.0	18.0	129.0	0.8027210884353742	3.5342880917333286	0.7272478436742357	0.1899287982342902
