tool	sample	Weighted UniFrac error	Unweighted UniFrac error	L1 norm error	Completeness	Purity	F1 score	True positives	False positives	False negatives	Taxon counts	Jaccard index	Shannon diversity	Shannon equitability	Bray-Curtis distance	Weighted UniFrac error (unfiltered)	Unweighted UniFrac error (unfiltered)	L1 norm error (unfiltered)	Completeness (unfiltered)	Purity (unfiltered)	F1 score (unfiltered)	True positives (unfiltered)	False positives (unfiltered)	False negatives (unfiltered)	Taxon counts (unfiltered)	Jaccard index (unfiltered)	Shannon diversity (unfiltered)	Shannon equitability (unfiltered)	Bray-Curtis distance (unfiltered)
LSHVa	marmgCAMI2_short_read_average	0.07102231877819731	0.8098909153345021	0.9508265356877729	0.5424354243542435	0.91875	0.6821345707656612	147.0	13.0	124.0	160.0	0.5176056338028169	4.458952659249959	0.8785812706287623	0.4777183428959363	0.07102231877819731	0.8098909153345021	0.9547354084156181	0.5571955719557196	0.9151515151515152	0.6926605504587156	151.0	14.0	120.0	165.0	0.5298245614035088	4.519267975747294	0.885099145466372	0.47736770420780883
LSHVb	marmgCAMI2_short_read_average	0.06935689711614998	0.8092193878350187	0.9006132317167252	0.42435424354243545	0.9274193548387096	0.5822784810126582	115.0	9.0	156.0	124.0	0.4107142857142857	4.5366863540771005	0.941166256022984	0.45245795034790626	0.06935689711614998	0.8092193878350187	0.902223968822732	0.44649446494464945	0.9307692307692308	0.6034912718204489	121.0	9.0	150.0	130.0	0.43214285714285716	4.597991633505726	0.9446243637937419	0.451111984411366
Metln	marmgCAMI2_short_read_average	0.05740319728496044	0.3478415033252247	0.38808066419472453	0.5498154981549815	0.9551282051282052	0.6978922716627635	149.0	7.0	122.0	156.0	0.5359712230215827	3.9855776818866757	0.7892458074378772	0.19499765285780876	0.05740319728496044	0.3478415033252247	0.37960889715800084	0.7785977859778598	0.9336283185840708	0.8490945674044267	211.0	15.0	60.0	226.0	0.7377622377622378	4.070599197956369	0.7509589364339225	0.18980444857900047
