tool	sample	Weighted UniFrac error	Unweighted UniFrac error	L1 norm error	Completeness	Purity	F1 score	True positives	False positives	False negatives	Taxon counts	Jaccard index	Shannon diversity	Shannon equitability	Bray-Curtis distance	Weighted UniFrac error (unfiltered)	Unweighted UniFrac error (unfiltered)	L1 norm error (unfiltered)	Completeness (unfiltered)	Purity (unfiltered)	F1 score (unfiltered)	True positives (unfiltered)	False positives (unfiltered)	False negatives (unfiltered)	Taxon counts (unfiltered)	Jaccard index (unfiltered)	Shannon diversity (unfiltered)	Shannon equitability (unfiltered)	Bray-Curtis distance (unfiltered)
LSHVa	marmgCAMI2_short_read_average	0.07102231877819731	0.8098909153345021	1.6828248221765563	0.38284518828451886	0.6853932584269663	0.4912751677852349	183.0	84.0	295.0	267.0	0.32562277580071175	5.338134985688641	0.9554138918916605	0.8453787875633002	0.07102231877819731	0.8098909153345021	1.6893967767223277	0.3891213389121339	0.6838235294117647	0.496	186.0	86.0	292.0	272.0	0.32978723404255317	5.397047623697147	0.9627610036654783	0.8446983883611636
LSHVb	marmgCAMI2_short_read_average	0.06935689711614998	0.8092193878350187	1.6664175734953122	0.3179916317991632	0.5914396887159533	0.41360544217687073	152.0	105.0	326.0	257.0	0.2607204116638079	5.338853678725108	0.9621157823475616	0.8369177402721999	0.06935689711614998	0.8092193878350187	1.6752809380676468	0.3179916317991632	0.5779467680608364	0.4102564102564102	152.0	111.0	326.0	263.0	0.25806451612903225	5.396621390380663	0.9684982430881404	0.8376404690338236
Metln	marmgCAMI2_short_read_average	0.05740319728496044	0.3478415033252247	1.3703257783201126	0.5962343096234309	0.5974842767295597	0.5968586387434555	285.0	192.0	193.0	477.0	0.4253731343283582	4.854580191651611	0.7871207476824078	0.6885805629651072	0.05740319728496044	0.3478415033252247	1.3763485228741705	0.6757322175732218	0.3450854700854701	0.45685997171145687	323.0	613.0	155.0	936.0	0.29605866177818513	4.955778480877829	0.7243579382554416	0.6881742614370854
