S1	E1	S2	E2	Reference	Contig	IDY	Ambiguous	Best_group
1	132	132	1	GCA_000221185.1_crisprs_GCA_000221185.1_CRISPR_3_from_701929__all_	NODE_39692_length_3432_cov_1.720715	99.24		True
CONTIG	NODE_39692_length_3432_cov_1.720715	3432	correct_unaligned
473	1777	1957	667	GCA_000221185.1_crisprs_GCA_000221185.1_CRISPR_3_from_701929__all_	NODE_109665_length_1957_cov_1.634574	98.01		True
CONTIG	NODE_109665_length_1957_cov_1.634574	1957	correct
8	587	1	580	GCA_000221185.1_crisprs_GCA_000221185.1_CRISPR_3_from_701929__all_	NODE_393517_length_588_cov_3.258317	99.14		True
CONTIG	NODE_393517_length_588_cov_3.258317	588	correct
1	2041	2840	801	GCA_000221185.1_crisprs_GCA_000221185.1_CRISPR_0_from_131168__all_	NODE_55103_length_2894_cov_3.050053	99.8		True
CONTIG	NODE_55103_length_2894_cov_3.050053	2894	correct
1	1782	1792	17	GCA_000221185.1_crisprs_GCA_000221185.1_CRISPR_1_from_137547__all_	NODE_61656_length_2729_cov_2.619155	98.49		True
CONTIG	NODE_61656_length_2729_cov_2.619155	2729	correct
1	760	44	803	GCA_000221185.1_crisprs_GCA_000221185.1_CRISPR_2_from_345768__all_	NODE_93878_length_2152_cov_3.198554	99.34		True
CONTIG	NODE_93878_length_2152_cov_3.198554	2152	correct_unaligned
1	767	256	1022	GCA_000221185.1_crisprs_GCA_000221185.1_CRISPR_4_from_1907425__all_	NODE_177740_length_1384_cov_1.700077	99.22		True
CONTIG	NODE_177740_length_1384_cov_1.700077	1384	correct
