rank	sample	Weighted UniFrac error	Unweighted UniFrac error	L1 norm error	Completeness	Purity	F1 score	True positives	False positives	False negatives	Taxon counts	Jaccard index	Shannon diversity	Shannon equitability	Bray-Curtis distance
superkingdom	marmgCAMI2_short_read_average	0.07102231877819733	0.8098909153345025	0.2989353694557333	0.3333333333333333	1.0	0.5	1.0	0.0	2.0	1.0	0.3333333333333333	0.0	0.0	0.14946768472786665
phylum	marmgCAMI2_short_read_average	0.07102231877819733	0.8098909153345025	0.2809605938941614	0.64	1.0	0.7804878048780487	16.0	0.0	9.0	16.0	0.64	1.24743782195747	0.4499180898888429	0.1404802969470807
class	marmgCAMI2_short_read_average	0.07102231877819733	0.8098909153345025	0.4183816159492321	0.6470588235294118	0.7333333333333333	0.6875	22.0	8.0	12.0	30.0	0.5238095238095238	1.9859770399501724	0.583905259558806	0.20919080797461612
order	marmgCAMI2_short_read_average	0.07102231877819733	0.8098909153345025	0.7641546242627364	0.654320987654321	0.8412698412698413	0.7361111111111113	53.0	10.0	28.0	63.0	0.5824175824175825	3.1574877552353233	0.7621011537767058	0.38207731213136825
family	marmgCAMI2_short_read_average	0.07102231877819733	0.8098909153345025	0.8544315135876255	0.6323529411764706	0.8514851485148515	0.7257383966244726	86.0	15.0	50.0	101.0	0.5695364238410596	3.6912887705516635	0.7998250006866783	0.4272157567938131
genus	marmgCAMI2_short_read_average	0.07102231877819733	0.8098909153345025	0.954735408415618	0.5571955719557196	0.9151515151515152	0.6926605504587156	151.0	14.0	120.0	165.0	0.5298245614035088	4.519267975747294	0.885099145466372	0.47736770420780883
species	marmgCAMI2_short_read_average	0.07102231877819733	0.8098909153345025	1.6893967767223286	0.3891213389121339	0.6838235294117647	0.496	186.0	86.0	292.0	272.0	0.32978723404255317	5.397047623697147	0.9627610036654783	0.8446983883611635
strain	marmgCAMI2_short_read_average	0.07102231877819733	0.8098909153345025	na	0.0	0.0	na	0.0	0.0	976.0	0.0	0.0	na	na	na
