rank	sample	Weighted UniFrac error	Unweighted UniFrac error	L1 norm error	Completeness	Purity	F1 score	True positives	False positives	False negatives	Taxon counts	Jaccard index	Shannon diversity	Shannon equitability	Bray-Curtis distance
superkingdom	marmgCAMI2_short_read_average	0.06935689711615	0.8092193878350191	0.2989353694557333	0.3333333333333333	1.0	0.5	1.0	0.0	2.0	1.0	0.3333333333333333	0.0	0.0	0.14946768472786665
phylum	marmgCAMI2_short_read_average	0.06935689711615	0.8092193878350191	0.3284931017672604	0.56	1.0	0.717948717948718	14.0	0.0	11.0	14.0	0.56	1.3346078462032334	0.5057138513917022	0.1642465508836302
class	marmgCAMI2_short_read_average	0.06935689711615	0.8092193878350191	0.49471207146410223	0.5882352941176471	0.7407407407407407	0.6557377049180328	20.0	7.0	14.0	27.0	0.4878048780487805	2.2117361083717797	0.6710696549289933	0.2473560357320511
order	marmgCAMI2_short_read_average	0.06935689711615	0.8092193878350191	0.7162304905808573	0.5679012345679012	0.8846153846153846	0.6917293233082706	46.0	6.0	35.0	52.0	0.5287356321839081	3.291311393994352	0.8329811139000042	0.35811524529042843
family	marmgCAMI2_short_read_average	0.06935689711615	0.8092193878350191	0.8031848709396514	0.5220588235294118	0.8658536585365854	0.6513761467889908	71.0	11.0	65.0	82.0	0.48299319727891155	3.839890938680118	0.8713718127298377	0.4015924354698259
genus	marmgCAMI2_short_read_average	0.06935689711615	0.8092193878350191	0.9022239688227326	0.44649446494464945	0.9307692307692308	0.6034912718204489	121.0	9.0	150.0	130.0	0.43214285714285716	4.597991633505726	0.9446243637937419	0.4511119844113661
species	marmgCAMI2_short_read_average	0.06935689711615	0.8092193878350191	1.675280938067649	0.3179916317991632	0.5779467680608364	0.4102564102564102	152.0	111.0	326.0	263.0	0.25806451612903225	5.396621390380663	0.9684982430881404	0.8376404690338236
strain	marmgCAMI2_short_read_average	0.06935689711615	0.8092193878350191	na	0.0	0.0	na	0.0	0.0	976.0	0.0	0.0	na	na	na
