rank	sample	Weighted UniFrac error	Unweighted UniFrac error	L1 norm error	Completeness	Purity	F1 score	True positives	False positives	False negatives	Taxon counts	Jaccard index	Shannon diversity	Shannon equitability	Bray-Curtis distance
superkingdom	marmgCAMI2_short_read_average	0.057403197284960406	0.3478415033252248	0.17340594033162332	1.0	0.75	0.8571428571428571	3.0	1.0	0.0	4.0	0.75	0.2377471158621646	0.17149829251999935	0.08670297016581166
phylum	marmgCAMI2_short_read_average	0.057403197284960406	0.3478415033252248	0.1637382645539196	0.8	0.9523809523809523	0.8695652173913043	20.0	1.0	5.0	21.0	0.7692307692307693	1.0927064311713257	0.35890897620988127	0.08186913227695977
class	marmgCAMI2_short_read_average	0.057403197284960406	0.3478415033252248	0.19539506122065384	0.9117647058823529	0.9117647058823529	0.9117647058823528	31.0	3.0	3.0	34.0	0.8378378378378378	1.7705204020597725	0.5020815057622308	0.0976975306103269
order	marmgCAMI2_short_read_average	0.057403197284960406	0.3478415033252248	0.2886207522553713	0.8888888888888888	0.935064935064935	0.9113924050632912	72.0	5.0	9.0	77.0	0.8372093023255814	3.038941662344509	0.6996035427958154	0.14431037612768566
family	marmgCAMI2_short_read_average	0.057403197284960406	0.3478415033252248	0.37985759646858036	0.8676470588235294	0.9147286821705426	0.8905660377358491	118.0	11.0	18.0	129.0	0.8027210884353742	3.5342880917333286	0.7272478436742357	0.18992879823429026
genus	marmgCAMI2_short_read_average	0.057403197284960406	0.3478415033252248	0.37960889715800106	0.7785977859778598	0.9336283185840708	0.8490945674044267	211.0	15.0	60.0	226.0	0.7377622377622378	4.070599197956369	0.7509589364339225	0.1898044485790004
species	marmgCAMI2_short_read_average	0.057403197284960406	0.3478415033252248	1.3763485228741699	0.6757322175732218	0.3450854700854701	0.45685997171145687	323.0	613.0	155.0	936.0	0.29605866177818513	4.955778480877829	0.7243579382554416	0.6881742614370854
strain	marmgCAMI2_short_read_average	0.057403197284960406	0.3478415033252248	2.000000000000004	0.0	0.0	na	0.0	1105.0	976.0	1105.0	0.0	5.132058894370214	0.732356076936304	1.0
