S1	E1	S2	E2	Reference	Contig	IDY	Ambiguous	Best_group
1	590	4447	5036	GCA_000590925.1_crisprs_GCA_000590925.1_CRISPR_0_from_1172920__ml_	NODE_1521_length_64144_cov_9.846760	100.0		True
CONTIG	NODE_1521_length_64144_cov_9.846760	64144	correct_unaligned
1	590	13659	14248	GCA_000590925.1_crisprs_GCA_000590925.1_CRISPR_0_from_1172920__ml_	NODE_3919_length_24628_cov_8.455582	100.0		True
CONTIG	NODE_3919_length_24628_cov_8.455582	24628	correct_unaligned
1	590	4447	5036	GCA_000590925.1_crisprs_GCA_000590925.1_CRISPR_0_from_1172920__ml_	NODE_1516_length_64144_cov_9.850739	100.0		True
CONTIG	NODE_1516_length_64144_cov_9.850739	64144	correct_unaligned
