S1	E1	S2	E2	Reference	Contig	IDY	Ambiguous	Best_group
1	510	8732	8223	GCA_000212355.1_crisprs_GCA_000212355.1_CRISPR_0_from_619130__ml_	NODE_10949_length_10156_cov_21.523216	100.0		True
CONTIG	NODE_10949_length_10156_cov_21.523216	10156	correct_unaligned
1	510	18326	17817	GCA_000212355.1_crisprs_GCA_000212355.1_CRISPR_0_from_619130__ml_	NODE_4944_length_19820_cov_13.311098	100.0		True
CONTIG	NODE_4944_length_19820_cov_13.311098	19820	correct_unaligned
1	510	1425	1934	GCA_000212355.1_crisprs_GCA_000212355.1_CRISPR_0_from_619130__ml_	NODE_674_length_113468_cov_19.346354	100.0		True
CONTIG	NODE_674_length_113468_cov_19.346354	113468	correct_unaligned
