S1	E1	S2	E2	Reference	Contig	IDY	Ambiguous	Best_group
1	2095	432947	430853	GCA_000725425.1_crisprs_GCA_000725425.1_CRISPR_2_from_1426423__all_	NODE_25_length_1091680_cov_73.518786	100.0		True
unknown
1	1776	855436	853661	GCA_000725425.1_crisprs_GCA_000725425.1_CRISPR_1_from_1003934__all_	NODE_25_length_1091680_cov_73.518786	100.0		True
unknown
CONTIG	NODE_25_length_1091680_cov_73.518786	1091680	mis_unaligned
1	3437	735978	739447	GCA_000725425.1_crisprs_GCA_000725425.1_CRISPR_0_from_735977__all_	NODE_40_length_763029_cov_73.136972	100.0		True
CONTIG	NODE_40_length_763029_cov_73.136972	763029	correct_unaligned
