tool	sample	Weighted UniFrac error	Unweighted UniFrac error	L1 norm error	Completeness	Purity	F1 score	True positives	False positives	False negatives	Taxon counts	Jaccard index	Shannon diversity	Shannon equitability	Bray-Curtis distance
LSHVa	marmgCAMI2_short_read_average	0.08726367001258767	0.6528722069323714	0.7176314999999999	0.6470588235294118	0.7333333333333333	0.6875	22.0	8.0	12.0	30.0	0.5238095238095238	1.9859770399501724	0.583905259558806	0.5298324434148506
LSHVb	marmgCAMI2_short_read_average	0.08600234315896436	0.6988878811013505	0.7226134861658818	0.5882352941176471	0.7407407407407407	0.6557377049180328	20.0	7.0	14.0	27.0	0.4878048780487805	2.2117361083717797	0.6710696549289933	0.5335106792550112
Metln	marmgCAMI2_short_read_average	0.07888637912380955	0.6467243552698756	0.6148935	0.9117647058823529	0.9117647058823529	0.9117647058823528	31.0	3.0	3.0	34.0	0.8378378378378378	1.7454677677256996	0.49497711749586093	0.4649122150416758
