tool	sample	Weighted UniFrac error	Unweighted UniFrac error	L1 norm error	Completeness	Purity	F1 score	True positives	False positives	False negatives	Taxon counts	Jaccard index	Shannon diversity	Shannon equitability	Bray-Curtis distance
LSHVa	marmgCAMI2_short_read_average	0.08726367001258767	0.6528722069323714	0.8612122677432553	0.6323529411764706	0.8514851485148515	0.7257383966244726	86.0	15.0	50.0	101.0	0.5695364238410596	3.6912887705516635	0.7998250006866783	0.6367726907250159
LSHVb	marmgCAMI2_short_read_average	0.08600234315896436	0.6988878811013505	0.8133824138883183	0.5220588235294118	0.8658536585365854	0.6513761467889908	71.0	11.0	65.0	82.0	0.48299319727891155	3.8398909386801194	0.871371812729838	0.6014077222068566
Metln	marmgCAMI2_short_read_average	0.07888637912380955	0.6467243552698756	0.6174898	0.8676470588235294	0.9147286821705426	0.8905660377358491	118.0	11.0	18.0	129.0	0.8027210884353742	3.4189585343479907	0.7035165660467639	0.47231666161834035
