tool	sample	Weighted UniFrac error	Unweighted UniFrac error	L1 norm error	Completeness	Purity	F1 score	True positives	False positives	False negatives	Taxon counts	Jaccard index	Shannon diversity	Shannon equitability	Bray-Curtis distance
LSHVa	marmgCAMI2_short_read_average	0.08726367001258767	0.6528722069323714	0.8912779416662642	0.5571955719557196	0.9151515151515152	0.6926605504587156	151.0	14.0	120.0	165.0	0.5298245614035088	4.519267975747294	0.885099145466372	0.6535002920156642
LSHVb	marmgCAMI2_short_read_average	0.08600234315896436	0.6988878811013505	0.8354362291743694	0.44649446494464945	0.9307692307692308	0.6034912718204489	121.0	9.0	150.0	130.0	0.43214285714285716	4.597991633505726	0.9446243637937419	0.6125561894926236
Metln	marmgCAMI2_short_read_average	0.07888637912380955	0.6467243552698756	0.6396423999999998	0.7785977859778598	0.9336283185840708	0.8490945674044267	211.0	15.0	60.0	226.0	0.7377622377622378	4.022600840557773	0.7421040249897497	0.4744204495777746
