tool	sample	Weighted UniFrac error	Unweighted UniFrac error	L1 norm error	Completeness	Purity	F1 score	True positives	False positives	False negatives	Taxon counts	Jaccard index	Shannon diversity	Shannon equitability	Bray-Curtis distance
LSHVa	marmgCAMI2_short_read_average	0.08726367001258767	0.6528722069323714	0.834757503443014	0.654320987654321	0.8412698412698413	0.7361111111111113	53.0	10.0	28.0	63.0	0.5824175824175825	3.1574877552353247	0.7621011537767062	0.6152771356838543
LSHVb	marmgCAMI2_short_read_average	0.08600234315896436	0.6988878811013505	0.7723605856231198	0.5679012345679012	0.8846153846153846	0.6917293233082706	46.0	6.0	35.0	52.0	0.5287356321839081	3.291311393994353	0.8329811139000044	0.5692860583789155
Metln	marmgCAMI2_short_read_average	0.07888637912380955	0.6467243552698756	0.6121498999999999	0.8888888888888888	0.935064935064935	0.9113924050632912	72.0	5.0	9.0	77.0	0.8372093023255814	2.9633928758554346	0.6822112383180439	0.4637500296401583
