tool	sample	Weighted UniFrac error	Unweighted UniFrac error	L1 norm error	Completeness	Purity	F1 score	True positives	False positives	False negatives	Taxon counts	Jaccard index	Shannon diversity	Shannon equitability	Bray-Curtis distance
LSHVa	marmgCAMI2_short_read_average	0.08726367001258767	0.6528722069323714	0.7129786000000001	0.64	1.0	0.7804878048780487	16.0	0.0	9.0	16.0	0.64	1.24743782195747	0.4499180898888429	0.5202875926730799
LSHVb	marmgCAMI2_short_read_average	0.08600234315896436	0.6988878811013505	0.7138257999999997	0.56	1.0	0.717948717948718	14.0	0.0	11.0	14.0	0.56	1.3346078462032331	0.5057138513917021	0.5209058267245826
Metln	marmgCAMI2_short_read_average	0.07888637912380955	0.6467243552698756	0.6210743	0.8	0.9523809523809523	0.8695652173913043	20.0	1.0	5.0	21.0	0.7692307692307693	1.0916685727174948	0.35856808253113176	0.4567506994767117
