tool	sample	Weighted UniFrac error	Unweighted UniFrac error	L1 norm error	Completeness	Purity	F1 score	True positives	False positives	False negatives	Taxon counts	Jaccard index	Shannon diversity	Shannon equitability	Bray-Curtis distance
LSHVa	marmgCAMI2_short_read_average	0.08726367001258767	0.6528722069323714	1.6524303431166916	0.3891213389121339	0.6838235294117647	0.496	186.0	86.0	292.0	272.0	0.32978723404255317	5.397047623697145	0.962761003665478	0.8466476581515806
LSHVb	marmgCAMI2_short_read_average	0.08600234315896436	0.6988878811013505	1.6386510569098587	0.3179916317991632	0.5779467680608364	0.4102564102564102	152.0	111.0	326.0	263.0	0.25806451612903225	5.396621390380663	0.9684982430881404	0.8395876326281997
Metln	marmgCAMI2_short_read_average	0.07888637912380955	0.6467243552698756	1.3463853999999997	0.6757322175732218	0.3450854700854701	0.45685997171145687	323.0	613.0	155.0	936.0	0.29605866177818513	4.914031213527938	0.7182559777618384	0.6935862869539353
