tool	sample	Weighted UniFrac error	Unweighted UniFrac error	L1 norm error	Completeness	Purity	F1 score	True positives	False positives	False negatives	Taxon counts	Jaccard index	Shannon diversity	Shannon equitability	Bray-Curtis distance
LSHVa	marmgCAMI2_short_read_average	0.08726367001258767	0.6528722069323714	0.7288737000000001	0.3333333333333333	1.0	0.5	1.0	0.0	2.0	1.0	0.3333333333333333	0.0	0.0	0.5256041330460303
LSHVb	marmgCAMI2_short_read_average	0.08600234315896436	0.6988878811013505	0.7288737000000001	0.3333333333333333	1.0	0.5	1.0	0.0	2.0	1.0	0.3333333333333333	0.0	0.0	0.5256041330460303
Metln	marmgCAMI2_short_read_average	0.07888637912380955	0.6467243552698756	0.6353445	1.0	0.75	0.8571428571428571	3.0	1.0	0.0	4.0	0.75	0.24572401595916027	0.17725240962580052	0.46166679176987074
