tool	sample	Weighted UniFrac error	Unweighted UniFrac error	L1 norm error	Completeness	Purity	F1 score	True positives	False positives	False negatives	Taxon counts	Jaccard index	Shannon diversity	Shannon equitability	Bray-Curtis distance	Weighted UniFrac error (unfiltered)	Unweighted UniFrac error (unfiltered)	L1 norm error (unfiltered)	Completeness (unfiltered)	Purity (unfiltered)	F1 score (unfiltered)	True positives (unfiltered)	False positives (unfiltered)	False negatives (unfiltered)	Taxon counts (unfiltered)	Jaccard index (unfiltered)	Shannon diversity (unfiltered)	Shannon equitability (unfiltered)	Bray-Curtis distance (unfiltered)
LSHVa	strmgCAMI2_short_read_average	0.01490494810552862	0.9721967864369986	0.05171294120106858	0.4	1.0	0.5714285714285715	2.0	0.0	3.0	2.0	0.4	0.6876713630432856	0.9921000652239022	0.025856470341969588	0.01490494810552862	0.9721967864369986	0.05171294120106858	0.4	1.0	0.5714285714285715	2.0	0.0	3.0	2.0	0.4	0.6876713630432856	0.9921000652239022	0.025856470341969588
LSHVb	strmgCAMI2_short_read_average	0.05239879062575051	0.6040883856144054	0.6093004504060981	1.0	1.0	1.0	5.0	0.0	0.0	5.0	1.0	0.7815352770766779	0.48559517023846577	0.3054206346783614	0.05239879062575051	0.6040883856144054	0.6143453782337803	1.0	0.7142857142857143	0.8333333333333333	5.0	2.0	0.0	7.0	0.7142857142857143	0.8116649041562164	0.4171132488055822	0.30717268604516335
LSHVe	strmgCAMI2_short_read_average	0.028919703993837084	0.6998503339324158	0.2767290610171191	0.4	1.0	0.5714285714285715	2.0	0.0	3.0	2.0	0.4	0.6858740221446973	0.9895070504227219	0.13836452912491423	0.028919703993837084	0.6998503339324158	0.2767290610171191	0.4	1.0	0.5714285714285715	2.0	0.0	3.0	2.0	0.4	0.6858740221446973	0.9895070504227219	0.13836452912491423
NSSAC	strmgCAMI2_short_read_average	0.029294917029651257	1.047994644960898	0.14881510536481776	0.4	0.6666666666666666	0.5	2.0	1.0	3.0	3.0	0.3333333333333333	0.7651134959962325	0.6964363168773664	0.079629134474617	0.029294917029651257	1.047994644960898	0.15711092347971342	0.8	0.26666666666666666	0.4	4.0	11.0	1.0	15.0	0.25	0.8225679937549222	0.303749167360386	0.08365117430150724
