tool	sample	Weighted UniFrac error	Unweighted UniFrac error	L1 norm error	Completeness	Purity	F1 score	True positives	False positives	False negatives	Taxon counts	Jaccard index	Shannon diversity	Shannon equitability	Bray-Curtis distance	Weighted UniFrac error (unfiltered)	Unweighted UniFrac error (unfiltered)	L1 norm error (unfiltered)	Completeness (unfiltered)	Purity (unfiltered)	F1 score (unfiltered)	True positives (unfiltered)	False positives (unfiltered)	False negatives (unfiltered)	Taxon counts (unfiltered)	Jaccard index (unfiltered)	Shannon diversity (unfiltered)	Shannon equitability (unfiltered)	Bray-Curtis distance (unfiltered)
LSHVa	strmgCAMI2_short_read_average	0.01490494810552862	0.9721967864369986	0.20267743699013185	0.3333333333333333	1.0	0.5	3.0	0.0	6.0	3.0	0.3333333333333333	0.8349321472018666	0.7599879919549117	0.1014429265021372	0.01490494810552862	0.9721967864369986	0.20267743699013185	0.3333333333333333	1.0	0.5	3.0	0.0	6.0	3.0	0.3333333333333333	0.8349321472018666	0.7599879919549117	0.1014429265021372
LSHVb	strmgCAMI2_short_read_average	0.05239879062575051	0.6040883856144054	0.6586320229047131	0.8888888888888888	0.8	0.8421052631578948	8.0	2.0	1.0	10.0	0.7272727272727273	1.0493668313808568	0.4557342243610062	0.3312182069273993	0.05239879062575051	0.6040883856144054	0.668063564137483	0.8888888888888888	0.5714285714285714	0.6956521739130435	8.0	6.0	1.0	14.0	0.5333333333333333	1.1063046100090992	0.4192044627429085	0.33437527157428076
LSHVe	strmgCAMI2_short_read_average	0.028919703993837084	0.6998503339324158	0.2856326649999999	0.2222222222222222	1.0	0.3636363636363636	2.0	0.0	7.0	2.0	0.2222222222222222	0.6858740221446973	0.9895070504227219	0.1429631925117316	0.028919703993837084	0.6998503339324158	0.2856326649999999	0.2222222222222222	1.0	0.3636363636363636	2.0	0.0	7.0	2.0	0.2222222222222222	0.6858740221446973	0.9895070504227219	0.1429631925117316
NSSAC	strmgCAMI2_short_read_average	0.029294917029651257	1.047994644960898	0.21934020713426214	0.6666666666666666	0.4	0.5	6.0	9.0	3.0	15.0	0.3333333333333333	1.191381510452388	0.4399407034505789	0.11814227409052554	0.029294917029651257	1.047994644960898	0.22783421885599836	0.7777777777777778	0.1206896551724138	0.208955223880597	7.0	51.0	2.0	58.0	0.11666666666666667	1.2635564240952337	0.31118683868073677	0.1221102835335165
