tool	sample	Weighted UniFrac error	Unweighted UniFrac error	L1 norm error	Completeness	Purity	F1 score	True positives	False positives	False negatives	Taxon counts	Jaccard index	Shannon diversity	Shannon equitability	Bray-Curtis distance	Weighted UniFrac error (unfiltered)	Unweighted UniFrac error (unfiltered)	L1 norm error (unfiltered)	Completeness (unfiltered)	Purity (unfiltered)	F1 score (unfiltered)	True positives (unfiltered)	False positives (unfiltered)	False negatives (unfiltered)	Taxon counts (unfiltered)	Jaccard index (unfiltered)	Shannon diversity (unfiltered)	Shannon equitability (unfiltered)	Bray-Curtis distance (unfiltered)
LSHVa	strmgCAMI2_short_read_average	0.01490494810552862	0.9721967864369986	0.27929452199013194	0.3333333333333333	1.0	0.5	4.0	0.0	8.0	4.0	0.3333333333333333	1.1193595980490376	0.807447270538405	0.14365083416385438	0.01490494810552862	0.9721967864369986	0.27929452199013194	0.3333333333333333	1.0	0.5	4.0	0.0	8.0	4.0	0.3333333333333333	1.1193595980490376	0.807447270538405	0.14365083416385438
LSHVb	strmgCAMI2_short_read_average	0.05239879062575051	0.6040883856144054	0.814171449346732	1.0	0.35294117647058826	0.5217391304347826	12.0	22.0	0.0	34.0	0.35294117647058826	2.569990493937866	0.7287940288571615	0.42090116891034013	0.05239879062575051	0.6040883856144054	0.8240780842541217	1.0	0.3076923076923077	0.47058823529411764	12.0	27.0	0.0	39.0	0.3076923076923077	2.6316357012803113	0.7183271241144505	0.4238518656783333
LSHVe	strmgCAMI2_short_read_average	0.028919703993837084	0.6998503339324158	0.3622497500000001	0.25	1.0	0.4	3.0	0.0	9.0	3.0	0.25	1.0011253195867242	0.9112635366571652	0.18631757756060222	0.028919703993837084	0.6998503339324158	0.3622497500000001	0.25	1.0	0.4	3.0	0.0	9.0	3.0	0.25	1.0011253195867245	0.9112635366571654	0.18631757756060222
NSSAC	strmgCAMI2_short_read_average	0.029294917029651257	1.047994644960898	0.3624662477040685	0.75	0.28125	0.4090909090909091	9.0	23.0	3.0	32.0	0.2571428571428571	1.5403329880437733	0.44444615263368614	0.20130330397557833	0.029294917029651257	1.047994644960898	0.37132833326708026	0.8333333333333334	0.078125	0.14285714285714285	10.0	118.0	2.0	128.0	0.07692307692307693	1.6250431060265385	0.33492023289932643	0.20513158008740606
