tool	sample	Weighted UniFrac error	Unweighted UniFrac error	L1 norm error	Completeness	Purity	F1 score	True positives	False positives	False negatives	Taxon counts	Jaccard index	Shannon diversity	Shannon equitability	Bray-Curtis distance	Weighted UniFrac error (unfiltered)	Unweighted UniFrac error (unfiltered)	L1 norm error (unfiltered)	Completeness (unfiltered)	Purity (unfiltered)	F1 score (unfiltered)	True positives (unfiltered)	False positives (unfiltered)	False negatives (unfiltered)	Taxon counts (unfiltered)	Jaccard index (unfiltered)	Shannon diversity (unfiltered)	Shannon equitability (unfiltered)	Bray-Curtis distance (unfiltered)
LSHVa	strmgCAMI2_short_read_average	0.01490494810552862	0.9721967864369986	0.07997859199013187	0.5	1.0	0.6666666666666666	3.0	0.0	3.0	3.0	0.5	0.8349321472018667	0.7599879919549118	0.039989296394958906	0.01490494810552862	0.9721967864369986	0.07997859199013187	0.5	1.0	0.6666666666666666	3.0	0.0	3.0	3.0	0.5	0.8349321472018667	0.7599879919549118	0.039989296394958906
LSHVb	strmgCAMI2_short_read_average	0.05239879062575051	0.6040883856144054	0.6110019265409677	1.0	1.0	1.0	6.0	0.0	0.0	6.0	1.0	0.9208403123299973	0.513930763668141	0.30627353026106746	0.05239879062575051	0.6040883856144054	0.6160468543686498	1.0	0.75	0.8571428571428571	6.0	2.0	0.0	8.0	0.75	0.9509699394095359	0.4573198718735385	0.3080234302645592
LSHVe	strmgCAMI2_short_read_average	0.028919703993837084	0.6998503339324158	0.276729021017119	0.3333333333333333	1.0	0.5	2.0	0.0	4.0	2.0	0.3333333333333333	0.6858740221446973	0.9895070504227219	0.13836451189220464	0.028919703993837084	0.6998503339324158	0.276729021017119	0.3333333333333333	1.0	0.5	2.0	0.0	4.0	2.0	0.3333333333333333	0.6858740221446973	0.9895070504227219	0.13836451189220464
NSSAC	strmgCAMI2_short_read_average	0.029294917029651257	1.047994644960898	0.17206034410996907	0.5	0.5	0.5	3.0	3.0	3.0	6.0	0.3333333333333333	0.9586153413855243	0.5350134088023127	0.09111353371187272	0.029294917029651257	1.047994644960898	0.18100736979019785	0.6666666666666666	0.12121212121212122	0.20512820512820512	4.0	29.0	2.0	33.0	0.11428571428571428	1.0278012663195122	0.2939508204262081	0.09535954656076244
