tool	sample	Weighted UniFrac error	Unweighted UniFrac error	L1 norm error	Completeness	Purity	F1 score	True positives	False positives	False negatives	Taxon counts	Jaccard index	Shannon diversity	Shannon equitability	Bray-Curtis distance	Weighted UniFrac error (unfiltered)	Unweighted UniFrac error (unfiltered)	L1 norm error (unfiltered)	Completeness (unfiltered)	Purity (unfiltered)	F1 score (unfiltered)	True positives (unfiltered)	False positives (unfiltered)	False negatives (unfiltered)	Taxon counts (unfiltered)	Jaccard index (unfiltered)	Shannon diversity (unfiltered)	Shannon equitability (unfiltered)	Bray-Curtis distance (unfiltered)
LSHVa	strmgCAMI2_short_read_average	0.01490494810552862	0.9721967864369986	0.05171291120106867	0.5	1.0	0.6666666666666666	2.0	0.0	2.0	2.0	0.5	0.6876713630432856	0.9921000652239022	0.025856455729816614	0.01490494810552862	0.9721967864369986	0.05171291120106867	0.5	1.0	0.6666666666666666	2.0	0.0	2.0	2.0	0.5	0.6876713630432856	0.9921000652239022	0.025856455729816614
LSHVb	strmgCAMI2_short_read_average	0.05239879062575051	0.6040883856144054	0.6061971027625518	1.0	1.0	1.0	4.0	0.0	0.0	4.0	1.0	0.7561409744256343	0.5454404170084056	0.3030985528967687	0.05239879062575051	0.6040883856144054	0.6061971027625518	1.0	1.0	1.0	4.0	0.0	0.0	4.0	1.0	0.7561409744256343	0.5454404170084056	0.3030985528967687
LSHVe	strmgCAMI2_short_read_average	0.028919703993837084	0.6998503339324158	0.27672903101711915	0.5	1.0	0.6666666666666666	2.0	0.0	2.0	2.0	0.5	0.6858740221446973	0.9895070504227219	0.13836451620038218	0.028919703993837084	0.6998503339324158	0.27672903101711915	0.5	1.0	0.6666666666666666	2.0	0.0	2.0	2.0	0.5	0.6858740221446973	0.9895070504227219	0.13836451620038218
NSSAC	strmgCAMI2_short_read_average	0.029294917029651257	1.047994644960898	0.1587247557068434	0.5	0.4	0.4444444444444445	2.0	3.0	2.0	5.0	0.2857142857142857	0.8203892468954309	0.5097364990331819	0.08442516304671735	0.029294917029651257	1.047994644960898	0.16260368772643627	1.0	0.3333333333333333	0.5	4.0	8.0	0.0	12.0	0.3333333333333333	0.8683208611055659	0.3494380206112156	0.08612906128211172
