tool	sample	Weighted UniFrac error	Unweighted UniFrac error	L1 norm error	Completeness	Purity	F1 score	True positives	False positives	False negatives	Taxon counts	Jaccard index	Shannon diversity	Shannon equitability	Bray-Curtis distance	Weighted UniFrac error (unfiltered)	Unweighted UniFrac error (unfiltered)	L1 norm error (unfiltered)	Completeness (unfiltered)	Purity (unfiltered)	F1 score (unfiltered)	True positives (unfiltered)	False positives (unfiltered)	False negatives (unfiltered)	Taxon counts (unfiltered)	Jaccard index (unfiltered)	Shannon diversity (unfiltered)	Shannon equitability (unfiltered)	Bray-Curtis distance (unfiltered)
LSHVa	strmgCAMI2_short_read_average	0.01490494810552862	0.9721967864369986	0.6821528311622036	0.15	0.375	0.21428571428571425	3.0	5.0	17.0	8.0	0.12	1.582160087088967	0.7608581705119011	0.35231776932238335	0.01490494810552862	0.9721967864369986	0.6821528311622036	0.15	0.375	0.21428571428571425	3.0	5.0	17.0	8.0	0.12	1.582160087088967	0.7608581705119011	0.35231776932238335
LSHVb	strmgCAMI2_short_read_average	0.05239879062575051	0.6040883856144054	1.7745951737521302	0.55	0.06666666666666667	0.11891891891891891	11.0	154.0	9.0	165.0	0.06321839080459771	4.736434106150284	0.9276311567291345	0.9210352692470662	0.05239879062575051	0.6040883856144054	1.7840418021828288	0.55	0.06470588235294118	0.11578947368421055	11.0	159.0	9.0	170.0	0.061452513966480445	4.795678563263064	0.9337746841204801	0.9214205371720892
LSHVe	strmgCAMI2_short_read_average	0.028919703993837084	0.6998503339324158	0.3899094099999999	0.15	1.0	0.2608695652173913	3.0	0.0	17.0	3.0	0.15	1.0011253195867242	0.9112635366571652	0.20138011204169878	0.028919703993837084	0.6998503339324158	0.3899094099999999	0.15	1.0	0.2608695652173913	3.0	0.0	17.0	3.0	0.15	1.0011253195867245	0.9112635366571654	0.20138011204169878
NSSAC	strmgCAMI2_short_read_average	0.029294917029651257	1.047994644960898	0.4085659530499168	0.35	0.06422018348623854	0.10852713178294575	7.0	102.0	13.0	109.0	0.05737704918032787	1.6744460921018929	0.35692217548920335	0.22741046706399226	0.029294917029651257	1.047994644960898	0.4182208130402906	0.45	0.027607361963190184	0.05202312138728324	9.0	317.0	11.0	326.0	0.026706231454005934	1.772319801175371	0.30626425256512796	0.23150384936828017
