tool	sample	Weighted UniFrac error	Unweighted UniFrac error	L1 norm error	Completeness	Purity	F1 score	True positives	False positives	False negatives	Taxon counts	Jaccard index	Shannon diversity	Shannon equitability	Bray-Curtis distance	Weighted UniFrac error (unfiltered)	Unweighted UniFrac error (unfiltered)	L1 norm error (unfiltered)	Completeness (unfiltered)	Purity (unfiltered)	F1 score (unfiltered)	True positives (unfiltered)	False positives (unfiltered)	False negatives (unfiltered)	Taxon counts (unfiltered)	Jaccard index (unfiltered)	Shannon diversity (unfiltered)	Shannon equitability (unfiltered)	Bray-Curtis distance (unfiltered)
LSHVa	strmgCAMI2_short_read_average	0.01490494810552862	0.9721967864369986	0.0	1.0	1.0	1.0	1.0	0.0	0.0	1.0	1.0	0.0	0.0	0.0	0.01490494810552862	0.9721967864369986	0.0	1.0	1.0	1.0	1.0	0.0	0.0	1.0	1.0	0.0	0.0	0.0
LSHVb	strmgCAMI2_short_read_average	0.05239879062575051	0.6040883856144054	0.0	1.0	1.0	1.0	1.0	0.0	0.0	1.0	1.0	0.0	0.0	0.0	0.05239879062575051	0.6040883856144054	0.0	1.0	1.0	1.0	1.0	0.0	0.0	1.0	1.0	0.0	0.0	0.0
LSHVe	strmgCAMI2_short_read_average	0.028919703993837084	0.6998503339324158	0.0	1.0	1.0	1.0	1.0	0.0	0.0	1.0	1.0	0.0	0.0	0.0	0.028919703993837084	0.6998503339324158	0.0	1.0	1.0	1.0	1.0	0.0	0.0	1.0	1.0	0.0	0.0	0.0
NSSAC	strmgCAMI2_short_read_average	0.029294917029651257	1.047994644960898	0.24978057136385523	1.0	0.25	0.4	1.0	3.0	0.0	4.0	0.25	0.499609402984642	0.36039200403371935	0.12489028568192762	0.029294917029651257	1.047994644960898	0.24978057136385523	1.0	0.25	0.4	1.0	3.0	0.0	4.0	0.25	0.49960940298464207	0.3603920040337194	0.12489028568192762
