S1	E1	S2	E2	Reference	Contig	IDY	Ambiguous	Best_group
235	913	6786	6108	GCA_000012325.1_crisprs_GCA_000012325.1_CRISPR_0_from_3967485__crt_	NODE_8493_length_8580_cov_10.326120	99.26		True
unknown
1	263	7297	7035	GCA_000012325.1_crisprs_GCA_000012325.1_CRISPR_0_from_3967485__crt_	NODE_8493_length_8580_cov_10.326120	100.0		True
unknown
CONTIG	NODE_8493_length_8580_cov_10.326120	8580	mis_unaligned
