S1	E1	S2	E2	Reference	Contig	IDY	Ambiguous	Best_group
10	913	1	904	GCA_000012325.1_crisprs_GCA_000012325.1_CRISPR_0_from_3967485__crt_	NODE_1752_length_57327_cov_19.039548	99.67		True
CONTIG	NODE_1752_length_57327_cov_19.039548	57327	correct_unaligned
1	913	21213	20301	GCA_000012325.1_crisprs_GCA_000012325.1_CRISPR_0_from_3967485__crt_	NODE_2553_length_35229_cov_13.446973	100.0		True
CONTIG	NODE_2553_length_35229_cov_13.446973	35229	correct_unaligned
10	913	1	904	GCA_000012325.1_crisprs_GCA_000012325.1_CRISPR_0_from_3967485__crt_	NODE_1752_length_57327_cov_19.032092	99.67		True
CONTIG	NODE_1752_length_57327_cov_19.032092	57327	correct_unaligned
