tool	sample	Weighted UniFrac error	Unweighted UniFrac error	L1 norm error	Completeness	Purity	F1 score	True positives	False positives	False negatives	Taxon counts	Jaccard index	Shannon diversity	Shannon equitability	Bray-Curtis distance
LSHVa	marmgCAMI2_short_read_average	0.07102231877819733	0.8098909153345025	0.4183816159492321	0.6470588235294118	0.7333333333333333	0.6875	22.0	8.0	12.0	30.0	0.5238095238095238	1.9859770399501724	0.583905259558806	0.20919080797461612
LSHVb	marmgCAMI2_short_read_average	0.06935689711615	0.8092193878350191	0.49471207146410223	0.5882352941176471	0.7407407407407407	0.6557377049180328	20.0	7.0	14.0	27.0	0.4878048780487805	2.2117361083717797	0.6710696549289933	0.2473560357320511
Metln	marmgCAMI2_short_read_average	0.057403197284960406	0.3478415033252248	0.19539506122065384	0.9117647058823529	0.9117647058823529	0.9117647058823528	31.0	3.0	3.0	34.0	0.8378378378378378	1.7705204020597725	0.5020815057622308	0.0976975306103269
