tool	sample	Weighted UniFrac error	Unweighted UniFrac error	L1 norm error	Completeness	Purity	F1 score	True positives	False positives	False negatives	Taxon counts	Jaccard index	Shannon diversity	Shannon equitability	Bray-Curtis distance
LSHVa	marmgCAMI2_short_read_average	0.07102231877819733	0.8098909153345025	0.8544315135876255	0.6323529411764706	0.8514851485148515	0.7257383966244726	86.0	15.0	50.0	101.0	0.5695364238410596	3.6912887705516635	0.7998250006866783	0.4272157567938131
LSHVb	marmgCAMI2_short_read_average	0.06935689711615	0.8092193878350191	0.8031848709396514	0.5220588235294118	0.8658536585365854	0.6513761467889908	71.0	11.0	65.0	82.0	0.48299319727891155	3.839890938680118	0.8713718127298377	0.4015924354698259
Metln	marmgCAMI2_short_read_average	0.057403197284960406	0.3478415033252248	0.37985759646858036	0.8676470588235294	0.9147286821705426	0.8905660377358491	118.0	11.0	18.0	129.0	0.8027210884353742	3.5342880917333286	0.7272478436742357	0.18992879823429026
