tool	sample	Weighted UniFrac error	Unweighted UniFrac error	L1 norm error	Completeness	Purity	F1 score	True positives	False positives	False negatives	Taxon counts	Jaccard index	Shannon diversity	Shannon equitability	Bray-Curtis distance
LSHVa	marmgCAMI2_short_read_average	0.07102231877819733	0.8098909153345025	0.7641546242627364	0.654320987654321	0.8412698412698413	0.7361111111111113	53.0	10.0	28.0	63.0	0.5824175824175825	3.1574877552353233	0.7621011537767058	0.38207731213136825
LSHVb	marmgCAMI2_short_read_average	0.06935689711615	0.8092193878350191	0.7162304905808573	0.5679012345679012	0.8846153846153846	0.6917293233082706	46.0	6.0	35.0	52.0	0.5287356321839081	3.291311393994352	0.8329811139000042	0.35811524529042843
Metln	marmgCAMI2_short_read_average	0.057403197284960406	0.3478415033252248	0.2886207522553713	0.8888888888888888	0.935064935064935	0.9113924050632912	72.0	5.0	9.0	77.0	0.8372093023255814	3.038941662344509	0.6996035427958154	0.14431037612768566
