tool	sample	Weighted UniFrac error	Unweighted UniFrac error	L1 norm error	Completeness	Purity	F1 score	True positives	False positives	False negatives	Taxon counts	Jaccard index	Shannon diversity	Shannon equitability	Bray-Curtis distance
LSHVa	marmgCAMI2_short_read_average	0.07102231877819733	0.8098909153345025	0.2809605938941614	0.64	1.0	0.7804878048780487	16.0	0.0	9.0	16.0	0.64	1.24743782195747	0.4499180898888429	0.1404802969470807
LSHVb	marmgCAMI2_short_read_average	0.06935689711615	0.8092193878350191	0.3284931017672604	0.56	1.0	0.717948717948718	14.0	0.0	11.0	14.0	0.56	1.3346078462032334	0.5057138513917022	0.1642465508836302
Metln	marmgCAMI2_short_read_average	0.057403197284960406	0.3478415033252248	0.1637382645539196	0.8	0.9523809523809523	0.8695652173913043	20.0	1.0	5.0	21.0	0.7692307692307693	1.0927064311713257	0.35890897620988127	0.08186913227695977
