tool	sample	Weighted UniFrac error	Unweighted UniFrac error	L1 norm error	Completeness	Purity	F1 score	True positives	False positives	False negatives	Taxon counts	Jaccard index	Shannon diversity	Shannon equitability	Bray-Curtis distance
LSHVa	marmgCAMI2_short_read_average	0.07102231877819733	0.8098909153345025	1.6893967767223286	0.3891213389121339	0.6838235294117647	0.496	186.0	86.0	292.0	272.0	0.32978723404255317	5.397047623697147	0.9627610036654783	0.8446983883611635
LSHVb	marmgCAMI2_short_read_average	0.06935689711615	0.8092193878350191	1.675280938067649	0.3179916317991632	0.5779467680608364	0.4102564102564102	152.0	111.0	326.0	263.0	0.25806451612903225	5.396621390380663	0.9684982430881404	0.8376404690338236
Metln	marmgCAMI2_short_read_average	0.057403197284960406	0.3478415033252248	1.3763485228741699	0.6757322175732218	0.3450854700854701	0.45685997171145687	323.0	613.0	155.0	936.0	0.29605866177818513	4.955778480877829	0.7243579382554416	0.6881742614370854
