tool	sample	Weighted UniFrac error	Unweighted UniFrac error	L1 norm error	Completeness	Purity	F1 score	True positives	False positives	False negatives	Taxon counts	Jaccard index	Shannon diversity	Shannon equitability	Bray-Curtis distance
LSHVa	marmgCAMI2_short_read_average	0.07102231877819733	0.8098909153345025	0.2989353694557333	0.3333333333333333	1.0	0.5	1.0	0.0	2.0	1.0	0.3333333333333333	0.0	0.0	0.14946768472786665
LSHVb	marmgCAMI2_short_read_average	0.06935689711615	0.8092193878350191	0.2989353694557333	0.3333333333333333	1.0	0.5	1.0	0.0	2.0	1.0	0.3333333333333333	0.0	0.0	0.14946768472786665
Metln	marmgCAMI2_short_read_average	0.057403197284960406	0.3478415033252248	0.17340594033162332	1.0	0.75	0.8571428571428571	3.0	1.0	0.0	4.0	0.75	0.2377471158621646	0.17149829251999935	0.08670297016581166
