S1	E1	S2	E2	Reference	Contig	IDY	Ambiguous	Best_group
1	229	5118	5346	GCA_000016425.1_crisprs_GCA_000016425.1_CRISPR_1_from_1140294__finder_	NODE_3973_length_15693_cov_5.460681	100.0		True
CONTIG	NODE_3973_length_15693_cov_5.460681	15693	correct_unaligned
597	707	7	117	GCA_000016425.1_crisprs_GCA_000016425.1_CRISPR_4_from_1620310__ml_	NODE_7519_length_9414_cov_5.795866	98.2		True
CONTIG	NODE_7519_length_9414_cov_5.795866	9414	correct_unaligned
205	432	1560	1787	GCA_000016425.1_crisprs_GCA_000016425.1_CRISPR_4_from_1620310__ml_	NODE_90535_length_2200_cov_5.576543	100.0		True
unknown
1	581	1638	2200	GCA_000016425.1_crisprs_GCA_000016425.1_CRISPR_4_from_1620310__ml_	NODE_90535_length_2200_cov_5.576543	96.73		True
unknown
CONTIG	NODE_90535_length_2200_cov_5.576543	2200	mis_unaligned
576	988	1	413	GCA_000016425.1_crisprs_GCA_000016425.1_CRISPR_2_from_1622233__crt_ml_	NODE_118386_length_1863_cov_6.167973	99.76		True
unknown
597	890	379	672	GCA_000016425.1_crisprs_GCA_000016425.1_CRISPR_4_from_1620310__ml_	NODE_118386_length_1863_cov_6.167973	100.0		True
unknown
1	154	1706	1859	GCA_000016425.1_crisprs_GCA_000016425.1_CRISPR_2_from_1622233__crt_ml_	NODE_118386_length_1863_cov_6.167973	97.4		True
unknown
CONTIG	NODE_118386_length_1863_cov_6.167973	1863	mis_unaligned
1	516	177	692	GCA_000016425.1_crisprs_GCA_000016425.1_CRISPR_3_from_2237967__crt_ml_	NODE_14199_length_6012_cov_5.937489	100.0		True
CONTIG	NODE_14199_length_6012_cov_5.937489	6012	correct_unaligned
425	860	5454	5019	GCA_000016425.1_crisprs_GCA_000016425.1_CRISPR_5_from_4121650__ml_	NODE_16711_length_5454_cov_6.320439	100.0		True
CONTIG	NODE_16711_length_5454_cov_6.320439	5454	correct_unaligned
1	772	781	10	GCA_000016425.1_crisprs_GCA_000016425.1_CRISPR_0_from_1116406__all_	NODE_20572_length_4836_cov_5.312671	99.35		True
CONTIG	NODE_20572_length_4836_cov_5.312671	4836	correct_unaligned
748	1624	1	877	GCA_000016425.1_crisprs_GCA_000016425.1_CRISPR_0_from_1116406__all_	NODE_132288_length_1728_cov_6.089643	100.0		True
CONTIG	NODE_132288_length_1728_cov_6.089643	1728	correct
