S1	E1	S2	E2	Reference	Contig	IDY	Ambiguous	Best_group
1	2148	18270	20417	GCA_000012985.1_crisprs_GCA_000012985.1_CRISPR_1	NODE_5469_length_20510_cov_9.002102	100.0		True
CONTIG	NODE_5469_length_20510_cov_9.002102	20510	correct_unaligned
1	2148	577	2724	GCA_000012985.1_crisprs_GCA_000012985.1_CRISPR_1	NODE_45211_length_2839_cov_5.828385	100.0		True
CONTIG	NODE_45211_length_2839_cov_5.828385	2839	correct
1	2148	18270	20417	GCA_000012985.1_crisprs_GCA_000012985.1_CRISPR_1	NODE_5403_length_20510_cov_9.006502	100.0		True
CONTIG	NODE_5403_length_20510_cov_9.006502	20510	correct_unaligned
1	3670	9655	13324	GCA_000012985.1_crisprs_GCA_000012985.1_CRISPR_2	NODE_8126_length_13701_cov_9.288070	100.0		True
CONTIG	NODE_8126_length_13701_cov_9.288070	13701	correct_unaligned
1	3670	9677	13346	GCA_000012985.1_crisprs_GCA_000012985.1_CRISPR_2	NODE_4820_length_20325_cov_6.705354	100.0		True
CONTIG	NODE_4820_length_20325_cov_6.705354	20325	correct_unaligned
1	3670	9655	13324	GCA_000012985.1_crisprs_GCA_000012985.1_CRISPR_2	NODE_8086_length_13701_cov_9.273853	100.0		True
CONTIG	NODE_8086_length_13701_cov_9.273853	13701	correct_unaligned
