S1	E1	S2	E2	Reference	Contig	IDY	Ambiguous	Best_group
1	2716	9623	6908	GCA_000227745.2_crisprs_GCA_000227745.2_CRISPR_0_from_480145__crt_ml_	NODE_4961_length_13038_cov_24.248592	99.82		True
CONTIG	NODE_4961_length_13038_cov_24.248592	13038	correct_unaligned
1	1186	5784	6969	GCA_000227745.2_crisprs_GCA_000227745.2_CRISPR_1_from_1161625__crt_ml_	NODE_5039_length_12887_cov_4.620687	100.0		True
CONTIG	NODE_5039_length_12887_cov_4.620687	12887	correct_unaligned
475	670	72	267	GCA_000227745.2_crisprs_GCA_000227745.2_CRISPR_4_from_2078060__ml_	NODE_47360_length_3131_cov_4.313032	100.0		True
CONTIG	NODE_47360_length_3131_cov_4.313032	3131	correct_unaligned
1	141	141	1	GCA_000227745.2_crisprs_GCA_000227745.2_CRISPR_4_from_2078060__ml_	NODE_78485_length_2392_cov_3.106695	97.16		True
CONTIG	NODE_78485_length_2392_cov_3.106695	2392	correct_unaligned
1	628	628	5	GCA_000227745.2_crisprs_GCA_000227745.2_CRISPR_3_from_4881006__crt_ml_	NODE_349959_length_673_cov_2.359060	97.77		True
CONTIG	NODE_349959_length_673_cov_2.359060	673	correct
