S1	E1	S2	E2	Reference	Contig	IDY	Ambiguous	Best_group
1	709	721	13	GCA_000014865.1_crisprs_GCA_000014865.1_CRISPR_1	NODE_5025_length_12914_cov_6.208927	99.58		True
CONTIG	NODE_5025_length_12914_cov_6.208927	12914	correct_unaligned
3477	9260	1	5784	GCA_000014865.1_crisprs_GCA_000014865.1_CRISPR_1	NODE_11452_length_6909_cov_6.432523	99.84		True
CONTIG	NODE_11452_length_6909_cov_6.432523	6909	correct
580	3622	1	3043	GCA_000014865.1_crisprs_GCA_000014865.1_CRISPR_1	NODE_49768_length_3053_cov_5.914987	99.77		True
CONTIG	NODE_49768_length_3053_cov_5.914987	3053	correct
