S1	E1	S2	E2	Reference	Contig	IDY	Ambiguous	Best_group
1	9260	29191	19932	GCA_000014865.1_crisprs_GCA_000014865.1_CRISPR_1	NODE_747_length_106950_cov_15.200019	100.0		True
CONTIG	NODE_747_length_106950_cov_15.200019	106950	correct_unaligned
1	9260	24511	33770	GCA_000014865.1_crisprs_GCA_000014865.1_CRISPR_1	NODE_1529_length_53723_cov_11.100250	100.0		True
CONTIG	NODE_1529_length_53723_cov_11.100250	53723	correct_unaligned
1	9260	29191	19932	GCA_000014865.1_crisprs_GCA_000014865.1_CRISPR_1	NODE_735_length_106950_cov_15.202329	100.0		True
CONTIG	NODE_735_length_106950_cov_15.202329	106950	correct_unaligned
