rank	sample	Weighted UniFrac error	Unweighted UniFrac error	L1 norm error	Completeness	Purity	F1 score	True positives	False positives	False negatives	Taxon counts	Jaccard index	Shannon diversity	Shannon equitability	Bray-Curtis distance
superkingdom	marmgCAMI2_short_read_average	0.07888637912380955	0.6467243552698756	0.6353445	1.0	0.75	0.8571428571428571	3.0	1.0	0.0	4.0	0.75	0.24572401595916027	0.17725240962580052	0.46166679176987074
phylum	marmgCAMI2_short_read_average	0.07888637912380955	0.6467243552698756	0.6210743	0.8	0.9523809523809523	0.8695652173913043	20.0	1.0	5.0	21.0	0.7692307692307693	1.0916685727174948	0.35856808253113176	0.4567506994767117
class	marmgCAMI2_short_read_average	0.07888637912380955	0.6467243552698756	0.6148935	0.9117647058823529	0.9117647058823529	0.9117647058823528	31.0	3.0	3.0	34.0	0.8378378378378378	1.7454677677256996	0.49497711749586093	0.4649122150416758
order	marmgCAMI2_short_read_average	0.07888637912380955	0.6467243552698756	0.6121498999999999	0.8888888888888888	0.935064935064935	0.9113924050632912	72.0	5.0	9.0	77.0	0.8372093023255814	2.9633928758554346	0.6822112383180439	0.4637500296401583
family	marmgCAMI2_short_read_average	0.07888637912380955	0.6467243552698756	0.6174898	0.8676470588235294	0.9147286821705426	0.8905660377358491	118.0	11.0	18.0	129.0	0.8027210884353742	3.4189585343479907	0.7035165660467639	0.47231666161834035
genus	marmgCAMI2_short_read_average	0.07888637912380955	0.6467243552698756	0.6396423999999998	0.7785977859778598	0.9336283185840708	0.8490945674044267	211.0	15.0	60.0	226.0	0.7377622377622378	4.022600840557773	0.7421040249897497	0.4744204495777746
species	marmgCAMI2_short_read_average	0.07888637912380955	0.6467243552698756	1.3463853999999997	0.6757322175732218	0.3450854700854701	0.45685997171145687	323.0	613.0	155.0	936.0	0.29605866177818513	4.914031213527938	0.7182559777618384	0.6935862869539353
strain	marmgCAMI2_short_read_average	0.07888637912380955	0.6467243552698756	1.9894646000000065	0.0	0.0	na	0.0	1105.0	976.0	1105.0	0.0	5.088453737230358	0.7261335252325096	1.0
