S1	E1	S2	E2	Reference	Contig	IDY	Ambiguous	Best_group
1982	3491	1512	3	GCA_000012985.1_crisprs_GCA_000012985.1_CRISPR_1_from_2917501__all_	NODE_39907_length_3422_cov_1.764425	99.47		True
local misassembly [linear representation of circular genome]
531	1043	2913	2401	GCA_000012985.1_crisprs_GCA_000012985.1_CRISPR_1_from_2917501__all_	NODE_39907_length_3422_cov_1.764425	99.03		True
local misassembly
29	430	3422	3021	GCA_000012985.1_crisprs_GCA_000012985.1_CRISPR_1_from_2917501__all_	NODE_39907_length_3422_cov_1.764425	99.5		True
CONTIG	NODE_39907_length_3422_cov_1.764425	3422	correct
1	142	944	1085	GCA_000012985.1_crisprs_GCA_000012985.1_CRISPR_1_from_2917501__all_	NODE_55002_length_2897_cov_1.702837	97.89		True
unknown
1173	1950	2075	2852	GCA_000012985.1_crisprs_GCA_000012985.1_CRISPR_1_from_2917501__all_	NODE_55002_length_2897_cov_1.702837	98.84		True
unknown
CONTIG	NODE_55002_length_2897_cov_1.702837	2897	mis_unaligned
1	1343	577	1918	GCA_000012985.1_crisprs_GCA_000012985.1_CRISPR_0_from_2905515__all_	NODE_113239_length_1918_cov_3.483433	99.63		True
CONTIG	NODE_113239_length_1918_cov_3.483433	1918	correct
1282	2148	1	867	GCA_000012985.1_crisprs_GCA_000012985.1_CRISPR_0_from_2905515__all_	NODE_256011_length_982_cov_2.543646	99.31		True
CONTIG	NODE_256011_length_982_cov_2.543646	982	correct
