S1	E1	S2	E2	Reference	Contig	IDY	Ambiguous	Best_group
1	292	131	422	GCA_000307105.1_crisprs_GCA_000307105.1_CRISPR_2	NODE_60_length_544558_cov_29.411151	100.0		True
CONTIG	NODE_60_length_544558_cov_29.411151	544558	correct_unaligned
1	622	83207	82586	GCA_000307105.1_crisprs_GCA_000307105.1_CRISPR_3	NODE_121_length_306195_cov_32.822608	100.0		True
CONTIG	NODE_121_length_306195_cov_32.822608	306195	correct_unaligned
1	4504	52592	57095	GCA_000307105.1_crisprs_GCA_000307105.1_CRISPR_1	NODE_923_length_57169_cov_29.784786	100.0		True
CONTIG	NODE_923_length_57169_cov_29.784786	57169	correct_unaligned
