S1	E1	S2	E2	Reference	Contig	IDY	Ambiguous	Best_group
1	419	42	460	GCA_000214665.1_crisprs_GCA_000214665.1_CRISPR_3_from_3375004__finder_crt_	NODE_46_length_407606_cov_30.453659	100.0		True
CONTIG	NODE_46_length_407606_cov_30.453659	407606	correct_unaligned
1	419	65	483	GCA_000214665.1_crisprs_GCA_000214665.1_CRISPR_3_from_3375004__finder_crt_	NODE_818_length_82466_cov_22.261200	100.0		True
CONTIG	NODE_818_length_82466_cov_22.261200	82466	correct_unaligned
1	419	42	460	GCA_000214665.1_crisprs_GCA_000214665.1_CRISPR_3_from_3375004__finder_crt_	NODE_51_length_407606_cov_30.453678	100.0		True
CONTIG	NODE_51_length_407606_cov_30.453678	407606	correct_unaligned
1	4288	91647	95934	GCA_000214665.1_crisprs_GCA_000214665.1_CRISPR_0_from_1526146__all_	NODE_567_length_128106_cov_31.543143	100.0		True
CONTIG	NODE_567_length_128106_cov_31.543143	128106	correct_unaligned
1	4288	36482	32195	GCA_000214665.1_crisprs_GCA_000214665.1_CRISPR_0_from_1526146__all_	NODE_439_length_128150_cov_23.220171	100.0		True
CONTIG	NODE_439_length_128150_cov_23.220171	128150	correct_unaligned
1	4288	91647	95934	GCA_000214665.1_crisprs_GCA_000214665.1_CRISPR_0_from_1526146__all_	NODE_549_length_128106_cov_31.538473	100.0		True
CONTIG	NODE_549_length_128106_cov_31.538473	128106	correct_unaligned
1	1000	1079	80	GCA_000214665.1_crisprs_GCA_000214665.1_CRISPR_1_from_3370177__all_	NODE_2741_length_39265_cov_30.999286	100.0		True
CONTIG	NODE_2741_length_39265_cov_30.999286	39265	correct_unaligned
1	1000	38248	39247	GCA_000214665.1_crisprs_GCA_000214665.1_CRISPR_1_from_3370177__all_	NODE_2239_length_39348_cov_22.703980	100.0		True
CONTIG	NODE_2239_length_39348_cov_22.703980	39348	correct_unaligned
1	1000	1079	80	GCA_000214665.1_crisprs_GCA_000214665.1_CRISPR_1_from_3370177__all_	NODE_2713_length_39265_cov_31.002984	100.0		True
CONTIG	NODE_2713_length_39265_cov_31.002984	39265	correct_unaligned
1	877	63	939	GCA_000214665.1_crisprs_GCA_000214665.1_CRISPR_2_from_3372471__all_	NODE_223006_length_977_cov_31.701735	100.0		True
CONTIG	NODE_223006_length_977_cov_31.701735	977	correct
1	877	85	961	GCA_000214665.1_crisprs_GCA_000214665.1_CRISPR_2_from_3372471__all_	NODE_189816_length_1021_cov_22.934322	100.0		True
CONTIG	NODE_189816_length_1021_cov_22.934322	1021	correct
1	877	63	939	GCA_000214665.1_crisprs_GCA_000214665.1_CRISPR_2_from_3372471__all_	NODE_222923_length_977_cov_31.584599	100.0		True
CONTIG	NODE_222923_length_977_cov_31.584599	977	correct
