S1	E1	S2	E2	Reference	Contig	IDY	Ambiguous	Best_group
1	1000	150948	151947	GCA_000214665.1_crisprs_GCA_000214665.1_CRISPR_1_from_3370177__all_	NODE_17_length_1327807_cov_22.640059	100.0		True
unknown
1	877	153328	154204	GCA_000214665.1_crisprs_GCA_000214665.1_CRISPR_2_from_3372471__all_	NODE_17_length_1327807_cov_22.640059	100.0		True
unknown
1	419	155861	156279	GCA_000214665.1_crisprs_GCA_000214665.1_CRISPR_3_from_3375004__finder_crt_	NODE_17_length_1327807_cov_22.640059	100.0		True
unknown
CONTIG	NODE_17_length_1327807_cov_22.640059	1327807	mis_unaligned
1	4288	583123	578836	GCA_000214665.1_crisprs_GCA_000214665.1_CRISPR_0_from_1526146__all_	NODE_19_length_1253395_cov_24.968595	100.0		True
CONTIG	NODE_19_length_1253395_cov_24.968595	1253395	correct_unaligned
