S1	E1	S2	E2	Reference	Contig	IDY	Ambiguous	Best_group
1	5747	130756	125010	GCA_000211475.1_crisprs_GCA_000211475.1_CRISPR_2	NODE_80_length_321201_cov_28.594175	100.0		True
CONTIG	NODE_80_length_321201_cov_28.594175	321201	correct_unaligned
1	5747	136502	142248	GCA_000211475.1_crisprs_GCA_000211475.1_CRISPR_2	NODE_98_length_267272_cov_21.015494	100.0		True
CONTIG	NODE_98_length_267272_cov_21.015494	267272	correct_unaligned
1	5747	79415	73669	GCA_000211475.1_crisprs_GCA_000211475.1_CRISPR_2	NODE_215_length_215962_cov_28.266953	100.0		True
CONTIG	NODE_215_length_215962_cov_28.266953	215962	correct_unaligned
1	5270	215052	220321	GCA_000211475.1_crisprs_GCA_000211475.1_CRISPR_1	NODE_190_length_220902_cov_28.740825	100.0		True
CONTIG	NODE_190_length_220902_cov_28.740825	220902	correct_unaligned
1	5270	5873	604	GCA_000211475.1_crisprs_GCA_000211475.1_CRISPR_1	NODE_12_length_839617_cov_21.275398	100.0		True
CONTIG	NODE_12_length_839617_cov_21.275398	839617	correct_unaligned
1	5270	215052	220321	GCA_000211475.1_crisprs_GCA_000211475.1_CRISPR_1	NODE_204_length_220902_cov_28.739720	100.0		True
CONTIG	NODE_204_length_220902_cov_28.739720	220902	correct_unaligned
