S1	E1	S2	E2	Reference	Contig	IDY	Ambiguous	Best_group
1437	1570	4	137	GCA_000014865.1_crisprs_GCA_000014865.1_CRISPR_2_from_1797180__ml_	NODE_3238_length_18741_cov_6.991695	95.52		True
CONTIG	NODE_3238_length_18741_cov_6.991695	18741	correct_unaligned
155	231	1352	1428	GCA_000014865.1_crisprs_GCA_000014865.1_CRISPR_2_from_1797180__ml_	NODE_170983_length_1428_cov_8.230200	100.0		True
CONTIG	NODE_170983_length_1428_cov_8.230200	1428	correct_unaligned
1	709	721	13	GCA_000014865.1_crisprs_GCA_000014865.1_CRISPR_0_from_4407395__all_	NODE_5025_length_12914_cov_6.208927	99.58		True
CONTIG	NODE_5025_length_12914_cov_6.208927	12914	correct_unaligned
3477	9260	1	5784	GCA_000014865.1_crisprs_GCA_000014865.1_CRISPR_0_from_4407395__all_	NODE_11452_length_6909_cov_6.432523	99.84		True
CONTIG	NODE_11452_length_6909_cov_6.432523	6909	correct
580	3622	1	3043	GCA_000014865.1_crisprs_GCA_000014865.1_CRISPR_0_from_4407395__all_	NODE_49768_length_3053_cov_5.914987	99.77		True
CONTIG	NODE_49768_length_3053_cov_5.914987	3053	correct
1	125	136	12	GCA_000014865.1_crisprs_GCA_000014865.1_CRISPR_3_from_2656410__ml_	NODE_10076_length_7533_cov_6.007511	97.6		True
unknown
590	672	267	185	GCA_000014865.1_crisprs_GCA_000014865.1_CRISPR_3_from_2656410__ml_	NODE_10076_length_7533_cov_6.007511	98.8		True
unknown
CONTIG	NODE_10076_length_7533_cov_6.007511	7533	mis_unaligned
703	1510	1723	916	GCA_000014865.1_crisprs_GCA_000014865.1_CRISPR_3_from_2656410__ml_	NODE_132847_length_1723_cov_5.195018	99.38		True
CONTIG	NODE_132847_length_1723_cov_5.195018	1723	correct_unaligned
417	640	3060	2837	GCA_000014865.1_crisprs_GCA_000014865.1_CRISPR_1_from_973200__ml_	NODE_49538_length_3060_cov_6.395910	99.55		True
CONTIG	NODE_49538_length_3060_cov_6.395910	3060	correct_unaligned
680	860	1679	1499	GCA_000014865.1_crisprs_GCA_000014865.1_CRISPR_4_from_4528410__ml_	NODE_137839_length_1679_cov_9.825843	100.0		True
CONTIG	NODE_137839_length_1679_cov_9.825843	1679	correct_unaligned
