S1	E1	S2	E2	Reference	Contig	IDY	Ambiguous	Best_group
577	720	1	144	GCA_000148645.1_crisprs_GCA_000148645.1_CRISPR_0_from_2937980__ml_	NODE_35_length_805128_cov_18.433960	100.0		True
CONTIG	NODE_35_length_805128_cov_18.433960	805128	correct_unaligned
421	653	233	1	GCA_000148645.1_crisprs_GCA_000148645.1_CRISPR_0_from_2937980__ml_	NODE_1663_length_33677_cov_18.893333	96.14		True
unknown
127	420	530	237	GCA_000148645.1_crisprs_GCA_000148645.1_CRISPR_0_from_2937980__ml_	NODE_1663_length_33677_cov_18.893333	95.58		True
unknown
CONTIG	NODE_1663_length_33677_cov_18.893333	33677	mis_unaligned
148	653	506	1	GCA_000148645.1_crisprs_GCA_000148645.1_CRISPR_0_from_2937980__ml_	NODE_462037_length_506_cov_19.820513	100.0		True
CONTIG	NODE_462037_length_506_cov_19.820513	506	correct
