S1	E1	S2	E2	Reference	Contig	IDY	Ambiguous	Best_group
479	720	1	242	GCA_000148645.1_crisprs_GCA_000148645.1_CRISPR_0_from_2937980__ml_	NODE_1168_length_77932_cov_20.117724	100.0		True
CONTIG	NODE_1168_length_77932_cov_20.117724	77932	correct_unaligned
91	271	181	1	GCA_000148645.1_crisprs_GCA_000148645.1_CRISPR_0_from_2937980__ml_	NODE_2854_length_37987_cov_20.173495	96.13		True
CONTIG	NODE_2854_length_37987_cov_20.173495	37987	correct_unaligned
1	720	17184	16465	GCA_000148645.1_crisprs_GCA_000148645.1_CRISPR_0_from_2937980__ml_	NODE_2562_length_35145_cov_14.144120	100.0		True
unknown
421	680	17292	17033	GCA_000148645.1_crisprs_GCA_000148645.1_CRISPR_0_from_2937980__ml_	NODE_2562_length_35145_cov_14.144120	95.38		True
unknown
127	390	17556	17293	GCA_000148645.1_crisprs_GCA_000148645.1_CRISPR_0_from_2937980__ml_	NODE_2562_length_35145_cov_14.144120	95.83		True
unknown
CONTIG	NODE_2562_length_35145_cov_14.144120	35145	mis_unaligned
434	720	1	287	GCA_000148645.1_crisprs_GCA_000148645.1_CRISPR_0_from_2937980__ml_	NODE_1170_length_77977_cov_20.135854	100.0		True
CONTIG	NODE_1170_length_77977_cov_20.135854	77977	correct_unaligned
91	302	214	3	GCA_000148645.1_crisprs_GCA_000148645.1_CRISPR_0_from_2937980__ml_	NODE_1458_length_66211_cov_20.141166	95.75		True
CONTIG	NODE_1458_length_66211_cov_20.141166	66211	correct_unaligned
