rank	sample	Weighted UniFrac error	Unweighted UniFrac error	L1 norm error	Completeness	Purity	F1 score	True positives	False positives	False negatives	Taxon counts	Jaccard index	Shannon diversity	Shannon equitability	Bray-Curtis distance
superkingdom	strmgCAMI2_short_read_average	0.014904948105528608	0.9721967864369986	0.0	1.0	1.0	1.0	1.0	0.0	0.0	1.0	1.0	0.0	0.0	0.0
phylum	strmgCAMI2_short_read_average	0.014904948105528608	0.9721967864369986	0.051712911201068676	0.5	1.0	0.6666666666666666	2.0	0.0	2.0	2.0	0.5	0.6876713630432856	0.9921000652239022	0.02585645572981662
class	strmgCAMI2_short_read_average	0.014904948105528608	0.9721967864369986	0.051712941201068584	0.4	1.0	0.5714285714285715	2.0	0.0	3.0	2.0	0.4	0.6876713630432856	0.9921000652239022	0.02585647034196959
order	strmgCAMI2_short_read_average	0.014904948105528608	0.9721967864369986	0.07997859199013187	0.5	1.0	0.6666666666666666	3.0	0.0	3.0	3.0	0.5	0.8349321472018667	0.7599879919549118	0.0399892963949589
family	strmgCAMI2_short_read_average	0.014904948105528608	0.9721967864369986	0.2026774369901318	0.3333333333333333	1.0	0.5	3.0	0.0	6.0	3.0	0.3333333333333333	0.8349321472018666	0.7599879919549117	0.10144292650213718
genus	strmgCAMI2_short_read_average	0.014904948105528608	0.9721967864369986	0.27929452199013194	0.3333333333333333	1.0	0.5	4.0	0.0	8.0	4.0	0.3333333333333333	1.1193595980490376	0.807447270538405	0.1436508341638544
species	strmgCAMI2_short_read_average	0.014904948105528608	0.9721967864369986	0.6821528311622038	0.15	0.375	0.21428571428571425	3.0	5.0	17.0	8.0	0.12	1.582160087088967	0.7608581705119011	0.3523177693223834
strain	strmgCAMI2_short_read_average	0.014904948105528608	0.9721967864369986	na	0.0	0.0	na	0.0	0.0	408.0	0.0	0.0	na	na	na
