rank	sample	Weighted UniFrac error	Unweighted UniFrac error	L1 norm error	Completeness	Purity	F1 score	True positives	False positives	False negatives	Taxon counts	Jaccard index	Shannon diversity	Shannon equitability	Bray-Curtis distance
superkingdom	strmgCAMI2_short_read_average	0.028919703993837077	0.6998503339324157	0.0	1.0	1.0	1.0	1.0	0.0	0.0	1.0	1.0	0.0	0.0	0.0
phylum	strmgCAMI2_short_read_average	0.028919703993837077	0.6998503339324157	0.2767290310171192	0.5	1.0	0.6666666666666666	2.0	0.0	2.0	2.0	0.5	0.6858740221446973	0.9895070504227219	0.13836451620038215
class	strmgCAMI2_short_read_average	0.028919703993837077	0.6998503339324157	0.2767290610171191	0.4	1.0	0.5714285714285715	2.0	0.0	3.0	2.0	0.4	0.6858740221446973	0.9895070504227219	0.13836452912491423
order	strmgCAMI2_short_read_average	0.028919703993837077	0.6998503339324157	0.27672902101711905	0.3333333333333333	1.0	0.5	2.0	0.0	4.0	2.0	0.3333333333333333	0.6858740221446973	0.9895070504227219	0.13836451189220467
family	strmgCAMI2_short_read_average	0.028919703993837077	0.6998503339324157	0.28563266499999995	0.2222222222222222	1.0	0.3636363636363636	2.0	0.0	7.0	2.0	0.2222222222222222	0.6858740221446973	0.9895070504227219	0.14296319251173156
genus	strmgCAMI2_short_read_average	0.028919703993837077	0.6998503339324157	0.3622497500000001	0.25	1.0	0.4	3.0	0.0	9.0	3.0	0.25	1.0011253195867245	0.9112635366571654	0.18631757756060222
species	strmgCAMI2_short_read_average	0.028919703993837077	0.6998503339324157	0.38990941	0.15	1.0	0.2608695652173913	3.0	0.0	17.0	3.0	0.15	1.0011253195867245	0.9112635366571654	0.20138011204169876
strain	strmgCAMI2_short_read_average	0.028919703993837077	0.6998503339324157	1.9999997849999989	0.0	0.0	na	0.0	632.0	408.0	632.0	0.0	5.491620984855983	0.8515607338281052	1.0
