rank	sample	Weighted UniFrac error	Unweighted UniFrac error	L1 norm error	Completeness	Purity	F1 score	True positives	False positives	False negatives	Taxon counts	Jaccard index	Shannon diversity	Shannon equitability	Bray-Curtis distance
superkingdom	strmgCAMI2_short_read_average	0.029294917029651268	1.047994644960898	0.24978057136385523	1.0	0.25	0.4	1.0	3.0	0.0	4.0	0.25	0.49960940298464207	0.3603920040337194	0.12489028568192762
phylum	strmgCAMI2_short_read_average	0.029294917029651268	1.047994644960898	0.16260368772643627	1.0	0.3333333333333333	0.5	4.0	8.0	0.0	12.0	0.3333333333333333	0.8683208611055659	0.3494380206112156	0.08612906128211169
class	strmgCAMI2_short_read_average	0.029294917029651268	1.047994644960898	0.15711092347971342	0.8	0.26666666666666666	0.4	4.0	11.0	1.0	15.0	0.25	0.8225679937549222	0.303749167360386	0.08365117430150723
order	strmgCAMI2_short_read_average	0.029294917029651268	1.047994644960898	0.18100736979019785	0.6666666666666666	0.12121212121212122	0.20512820512820512	4.0	29.0	2.0	33.0	0.11428571428571428	1.0278012663195122	0.2939508204262081	0.09535954656076245
family	strmgCAMI2_short_read_average	0.029294917029651268	1.047994644960898	0.22783421885599833	0.7777777777777778	0.1206896551724138	0.208955223880597	7.0	51.0	2.0	58.0	0.11666666666666667	1.2635564240952337	0.31118683868073677	0.12211028353351652
genus	strmgCAMI2_short_read_average	0.029294917029651268	1.047994644960898	0.3713283332670803	0.8333333333333334	0.078125	0.14285714285714285	10.0	118.0	2.0	128.0	0.07692307692307693	1.6250431060265385	0.33492023289932643	0.2051315800874061
species	strmgCAMI2_short_read_average	0.029294917029651268	1.047994644960898	0.41822081304029074	0.45	0.027607361963190184	0.05202312138728324	9.0	317.0	11.0	326.0	0.026706231454005934	1.772319801175371	0.30626425256512796	0.2315038493682802
strain	strmgCAMI2_short_read_average	0.029294917029651268	1.047994644960898	na	0.0	0.0	na	0.0	0.0	408.0	0.0	0.0	na	na	na
