rank	sample	Weighted UniFrac error	Unweighted UniFrac error	L1 norm error	Completeness	Purity	F1 score	True positives	False positives	False negatives	Taxon counts	Jaccard index	Shannon diversity	Shannon equitability	Bray-Curtis distance
superkingdom	strmgCAMI2_short_read_sample_0	0.03429257291954498	36.929655506488224	4.8186614204075996e-05	1.0	0.5	0.6666666666666666	1.0	1.0	0.0	2.0	0.5	0.00028029104033180864	0.00040437449389230877	2.4093307102037998e-05
phylum	strmgCAMI2_short_read_sample_0	0.03429257291954498	36.929655506488224	0.40431320609547006	0.75	1.0	0.8571428571428571	3.0	0.0	1.0	3.0	0.75	0.5827633102453184	0.5304540248241942	0.20215660304773503
class	strmgCAMI2_short_read_sample_0	0.03429257291954498	36.929655506488224	0.4043143174287437	0.6	0.75	0.6666666666666665	3.0	1.0	2.0	4.0	0.5	0.5828320764299788	0.42042447316827386	0.20215715871437184
order	strmgCAMI2_short_read_sample_0	0.03429257291954498	36.929655506488224	0.40432299174474706	0.6666666666666666	0.6666666666666666	0.6666666666666666	4.0	2.0	2.0	6.0	0.5	0.6874980066559547	0.38369994324748846	0.20216149587237353
family	strmgCAMI2_short_read_sample_0	0.03429257291954498	36.929655506488224	0.40400768501259143	0.5555555555555556	0.625	0.5882352941176471	5.0	3.0	4.0	8.0	0.4166666666666667	0.8148261000374158	0.39184852457029146	0.20200384250629572
genus	strmgCAMI2_short_read_sample_0	0.03429257291954498	36.929655506488224	0.4890640677462719	0.5833333333333334	0.6363636363636364	0.6086956521739131	7.0	4.0	5.0	11.0	0.4375	1.2303257622716992	0.5130856948710255	0.24453203387313596
species	strmgCAMI2_short_read_sample_0	0.03429257291954498	36.929655506488224	0.49352251362056676	0.25	0.07936507936507936	0.12048192771084337	5.0	58.0	15.0	63.0	0.0641025641025641	1.2573975551553442	0.3034894200147037	0.2467612568102834
strain	strmgCAMI2_short_read_sample_0	0.03429257291954498	36.929655506488224	1.9999390570567461	0.002457002457002457	6.090133982947625e-05	0.00011885659951268795	1.0	16419.0	406.0	16420.0	5.943183168905266e-05	8.250712311353885	0.8500407196990839	0.9999695285283837
