S1	E1	S2	E2	Reference	Contig	IDY	Ambiguous	Best_group
1	580	1282	703	GCA_000830985.1_crisprs_GCA_000830985.1_CRISPR_0_from_3062310__ml_	NODE_31870_length_4061_cov_6.651772	100.0		True
CONTIG	NODE_31870_length_4061_cov_6.651772	4061	correct_unaligned
1	580	2386	1807	GCA_000830985.1_crisprs_GCA_000830985.1_CRISPR_0_from_3062310__ml_	NODE_31022_length_3803_cov_4.795760	100.0		True
CONTIG	NODE_31022_length_3803_cov_4.795760	3803	correct_unaligned
1	580	1282	703	GCA_000830985.1_crisprs_GCA_000830985.1_CRISPR_0_from_3062310__ml_	NODE_31857_length_4061_cov_6.675986	100.0		True
CONTIG	NODE_31857_length_4061_cov_6.675986	4061	correct_unaligned
