assembler	Genome fraction (%)	# mismatches per 100 kbp	# misassemblies	NGA50	Strain recall	Strain precision	Duplication ratio
SPAdes	0.0336771392	405.4015696203	0.2759493671	478.9594936709	0	0	0.9981367089
OPERA-MS	0.0108068101	425.1757721519	0.2227848101	0	0	0	0.8294455696
gsa	0.9054922278	0	0	152852.318987342	0.6632911392	1	1.1150987342
A-STAR	0.304692557	579.0443037975	9.6227848101	12715.4329113924	0	0	1.7428734177
ABySS	NA	NA	NA	NA	NA	NA	NA
HipMer	0.0413484051	99.0507088608	0.4734177215	183.0101265823	0	0	1.0170455696
GATB	0.0361461013	100.9029113924	0.253164557	208.7392405063	0	0	1.0044759494
Megahit	0.0747492658	1063.7653417722	2.9417721519	176.9873417722	0	0	1.1041468354
Ray	NA	NA	NA	NA	NA	NA	NA
