assembler	Genome fraction (%)	# mismatches per 100 kbp	# misassemblies	NGA50	Strain recall	Strain precision	Duplication ratio
SPAdes	0.4315767653	846.0038689218	1.5856236786	29799.84375	0.1520833333	0.5615384615	1.0129112051
OPERA-MS	0.4670448414	902.4273784355	2.4122621564	39466.1	0	0	1.0108625793
GSA	0.8170409514	0	0	843552.085416667	0.65625	1	1.0005369979
A-STAR	0.552204346	785.3167932489	6.6540084388	20748.6375	0.0208333333	0.064516129	1.081478903
ABySS	0.0413801477	16.3821940928	0.1265822785	1324.7770833333	0.0291666667	1	0.324964135
HipMer	0.3014310549	41.7939451477	0.4451476793	31118.9354166667	0.2041666667	1	0.8496708861
GATB	0.3639410759	98.3592405063	2.1244725738	36975.0875	0.1625	0.9176470588	0.9488375527
MEGAHIT	0.51722	794.3375738397	3.7194092827	40376.975	0.1770833333	0.524691358	1.0040506329
Ray	0.2174332489	43.1349367089	0.6962025316	17504.4104166667	0.1625	1	0.7237468354
