assembler	Genome fraction (%)	# mismatches per 100 kbp	# misassemblies	NGA50	Strain recall	Strain precision	Duplication ratio
SPAdes	0.6429323077	748.8392307692	4.3846153846	53078.6923076923	0.1538461538	0.5	1.0231538462
OPERA-MS	0.9399669231	285.4138461538	5.5384615385	187083	0	0	1.0051538462
gsa	0.9994861538	0	0	251010.846153846	1	1	1.0006923077
A-STAR	0.4609407692	444.2261538462	4.8461538462	20830.9230769231	0	0	1.4619230769
ABySS	NA	NA	NA	NA	NA	NA	NA
HipMer	0.98452	1.4123076923	4.6153846154	134738.846153846	1	1	1.0013076923
GATB	0.9718707692	2.5353846154	5.3076923077	144965.923076923	0.9230769231	1	1.0015384615
Megahit	0.9855484615	35.9838461538	6.7692307692	145044.923076923	0.8461538462	0.8461538462	1.0050769231
Ray	NA	NA	NA	NA	NA	NA	NA
