S1	E1	S2	E2	Reference	Contig	IDY	Ambiguous	Best_group
1	347	948	1294	GCA_000473245.1_crisprs_GCA_000473245.1_CRISPR_0_from_2720828__crt_	NODE_19778_length_4952_cov_2.591795	99.42		True
CONTIG	NODE_19778_length_4952_cov_2.591795	4952	correct_unaligned
366	816	1784	1334	GCA_000473245.1_crisprs_GCA_000473245.1_CRISPR_1_from_4678458__crt_	NODE_126280_length_1784_cov_3.173989	99.56		True
CONTIG	NODE_126280_length_1784_cov_3.173989	1784	correct_unaligned
1	86	794	879	GCA_000473245.1_crisprs_GCA_000473245.1_CRISPR_1_from_4678458__crt_	NODE_282321_length_879_cov_3.320449	100.0		True
CONTIG	NODE_282321_length_879_cov_3.320449	879	correct_unaligned
2627	3110	1	484	GCA_000473245.1_crisprs_GCA_000473245.1_CRISPR_2_from_2119200__ml_	NODE_136836_length_1688_cov_3.100559	98.14		True
CONTIG	NODE_136836_length_1688_cov_3.100559	1688	correct_unaligned
8	561	554	1	GCA_000473245.1_crisprs_GCA_000473245.1_CRISPR_2_from_2119200__ml_	NODE_222497_length_1133_cov_2.548295	99.64		True
CONTIG	NODE_222497_length_1133_cov_2.548295	1133	correct_unaligned
645	810	796	631	GCA_000473245.1_crisprs_GCA_000473245.1_CRISPR_3_from_2134210__ml_	NODE_305062_length_800_cov_1.723375	99.4		True
CONTIG	NODE_305062_length_800_cov_1.723375	800	correct_unaligned
