S1	E1	S2	E2	Reference	Contig	IDY	Ambiguous	Best_group
1	298	57886	58183	GCA_000626635.1_crisprs_GCA_000626635.1_CRISPR_1	NODE_1074_length_82233_cov_11.918750	100.0		True
CONTIG	NODE_1074_length_82233_cov_11.918750	82233	correct_unaligned
1	298	5620	5917	GCA_000626635.1_crisprs_GCA_000626635.1_CRISPR_1	NODE_1048_length_71378_cov_8.907196	100.0		True
CONTIG	NODE_1048_length_71378_cov_8.907196	71378	correct_unaligned
1	298	57886	58183	GCA_000626635.1_crisprs_GCA_000626635.1_CRISPR_1	NODE_1075_length_82233_cov_11.940020	100.0		True
CONTIG	NODE_1075_length_82233_cov_11.940020	82233	correct_unaligned
