S1	E1	S2	E2	Reference	Contig	IDY	Ambiguous	Best_group
1	3437	26997	23561	GCA_000725425.1_crisprs_GCA_000725425.1_CRISPR_1	NODE_9_length_762974_cov_99.039998	100.0		True
CONTIG	NODE_9_length_762974_cov_99.039998	762974	correct_unaligned
1	3437	27019	23583	GCA_000725425.1_crisprs_GCA_000725425.1_CRISPR_1	NODE_14_length_762996_cov_74.408864	100.0		True
CONTIG	NODE_14_length_762996_cov_74.408864	762996	correct_unaligned
1	3437	26997	23561	GCA_000725425.1_crisprs_GCA_000725425.1_CRISPR_1	NODE_7_length_762974_cov_99.068779	100.0		True
CONTIG	NODE_7_length_762974_cov_99.068779	762974	correct_unaligned
1	1776	267911	266136	GCA_000725425.1_crisprs_GCA_000725425.1_CRISPR_2	NODE_36_length_504133_cov_99.090222	100.0		True
CONTIG	NODE_36_length_504133_cov_99.090222	504133	correct_unaligned
1	1776	236245	238020	GCA_000725425.1_crisprs_GCA_000725425.1_CRISPR_2	NODE_23_length_504155_cov_74.417342	100.0		True
CONTIG	NODE_23_length_504155_cov_74.417342	504155	correct_unaligned
1	1776	267911	266136	GCA_000725425.1_crisprs_GCA_000725425.1_CRISPR_2	NODE_40_length_504133_cov_99.160922	100.0		True
CONTIG	NODE_40_length_504133_cov_99.160922	504133	correct_unaligned
1	2095	154634	156728	GCA_000725425.1_crisprs_GCA_000725425.1_CRISPR_3	NODE_148_length_252525_cov_99.138175	100.0		True
CONTIG	NODE_148_length_252525_cov_99.138175	252525	correct_unaligned
1	2095	97914	95820	GCA_000725425.1_crisprs_GCA_000725425.1_CRISPR_3	NODE_108_length_252569_cov_74.407977	100.0		True
CONTIG	NODE_108_length_252569_cov_74.407977	252569	correct_unaligned
1	2095	154634	156728	GCA_000725425.1_crisprs_GCA_000725425.1_CRISPR_3	NODE_157_length_252525_cov_99.124645	100.0		True
CONTIG	NODE_157_length_252525_cov_99.124645	252525	correct_unaligned
