S1	E1	S2	E2	Reference	Contig	IDY	Ambiguous	Best_group
1	10622	70135	59514	GCA_000020525.1_crisprs_GCA_000020525.1_CRISPR_0_from_2683900__all_	NODE_43_length_430579_cov_19.337080	99.99		True
CONTIG	NODE_43_length_430579_cov_19.337080	430579	correct_unaligned
1	10622	92040	102661	GCA_000020525.1_crisprs_GCA_000020525.1_CRISPR_0_from_2683900__all_	NODE_298_length_162196_cov_14.083975	99.99		True
CONTIG	NODE_298_length_162196_cov_14.083975	162196	correct_unaligned
1	10622	70135	59514	GCA_000020525.1_crisprs_GCA_000020525.1_CRISPR_0_from_2683900__all_	NODE_48_length_430579_cov_19.333891	99.99		True
CONTIG	NODE_48_length_430579_cov_19.333891	430579	correct_unaligned
1	6448	91715	85268	GCA_000020525.1_crisprs_GCA_000020525.1_CRISPR_1_from_2813147__all_	NODE_435_length_149729_cov_19.394264	99.98		True
CONTIG	NODE_435_length_149729_cov_19.394264	149729	correct_unaligned
1	6448	155869	149422	GCA_000020525.1_crisprs_GCA_000020525.1_CRISPR_1_from_2813147__all_	NODE_156_length_213905_cov_13.962601	99.98		True
CONTIG	NODE_156_length_213905_cov_13.962601	213905	correct_unaligned
1	6448	91715	85268	GCA_000020525.1_crisprs_GCA_000020525.1_CRISPR_1_from_2813147__all_	NODE_431_length_149729_cov_19.397130	99.98		True
CONTIG	NODE_431_length_149729_cov_19.397130	149729	correct_unaligned
