rank	sample	Weighted UniFrac error	Unweighted UniFrac error	L1 norm error	Completeness	Purity	F1 score	True positives	False positives	False negatives	Taxon counts	Jaccard index	Shannon diversity	Shannon equitability	Bray-Curtis distance
superkingdom	strmgCAMI2_short_read_average	0.028730543376879542	0.6616330671325971	0.0	1.0	1.0	1.0	1.0	0.0	0.0	1.0	1.0	0.0	0.0	0.0
phylum	strmgCAMI2_short_read_average	0.028730543376879542	0.6616330671325971	0.2767290325797927	0.5	1.0	0.6666666666666666	2.0	0.0	2.0	2.0	0.5	0.6858740221446973	0.9895070504227219	0.13836451628989635
class	strmgCAMI2_short_read_average	0.028730543376879542	0.6616330671325971	0.2767290578917715	0.4	1.0	0.5714285714285715	2.0	0.0	3.0	2.0	0.4	0.6858740221446973	0.9895070504227219	0.13836452894588577
order	strmgCAMI2_short_read_average	0.028730543376879542	0.6616330671325971	0.27672902414246603	0.3333333333333333	1.0	0.5	2.0	0.0	4.0	2.0	0.3333333333333333	0.6858740221446973	0.9895070504227219	0.13836451207123301
family	strmgCAMI2_short_read_average	0.028730543376879542	0.6616330671325971	0.2841619650195622	0.2222222222222222	1.0	0.3636363636363636	2.0	0.0	7.0	2.0	0.2222222222222222	0.6858740221446973	0.9895070504227219	0.14208098250978107
genus	strmgCAMI2_short_read_average	0.028730543376879542	0.6616330671325971	0.361891543646219	0.25	1.0	0.4	3.0	0.0	9.0	3.0	0.25	1.0011253195867245	0.9112635366571654	0.1809457718231095
species	strmgCAMI2_short_read_average	0.028730543376879542	0.6616330671325971	0.35928299764654104	0.15	1.0	0.2608695652173913	3.0	0.0	17.0	3.0	0.15	1.0011253195867245	0.9112635366571654	0.1796414988232705
strain	strmgCAMI2_short_read_average	0.028730543376879542	0.6616330671325971	2.0000000000000013	0.0	0.0	na	0.0	632.0	408.0	632.0	0.0	5.491620984855988	0.851560733828106	1.0
