rank	sample	Weighted UniFrac error	Unweighted UniFrac error	L1 norm error	Completeness	Purity	F1 score	True positives	False positives	False negatives	Taxon counts	Jaccard index	Shannon diversity	Shannon equitability	Bray-Curtis distance
superkingdom	strmgCAMI2_short_read_average	0.05308516055835563	0.6136370111346499	0.0	1.0	1.0	1.0	1.0	0.0	0.0	1.0	1.0	0.0	0.0	0.0
phylum	strmgCAMI2_short_read_average	0.05308516055835563	0.6136370111346499	0.6061971039469729	1.0	1.0	1.0	4.0	0.0	0.0	4.0	1.0	0.7561409744256343	0.5454404170084056	0.30309855197348645
class	strmgCAMI2_short_read_average	0.05308516055835563	0.6136370111346499	0.6143453759471191	1.0	0.7142857142857143	0.8333333333333333	5.0	2.0	0.0	7.0	0.7142857142857143	0.8116649041562166	0.4171132488055823	0.30717268797355957
order	strmgCAMI2_short_read_average	0.05308516055835563	0.6136370111346499	0.6160468542353206	1.0	0.75	0.8571428571428571	6.0	2.0	0.0	8.0	0.75	0.9509699394095359	0.4573198718735385	0.30802342711766034
family	strmgCAMI2_short_read_average	0.05308516055835563	0.6136370111346499	0.6682821252225679	0.8888888888888888	0.5714285714285714	0.6956521739130435	8.0	6.0	1.0	14.0	0.5333333333333333	1.1063046100090994	0.41920446274290857	0.334141062611284
genus	strmgCAMI2_short_read_average	0.05308516055835563	0.6136370111346499	0.8748182850346198	1.0	0.3076923076923077	0.47058823529411764	12.0	27.0	0.0	39.0	0.3076923076923077	2.6316357012803113	0.7183271241144505	0.4374091425173099
species	strmgCAMI2_short_read_average	0.05308516055835563	0.6136370111346499	1.8446930179669627	0.55	0.06470588235294118	0.11578947368421055	11.0	159.0	9.0	170.0	0.061452513966480445	4.795678563263064	0.9337746841204801	0.9223465089834813
strain	strmgCAMI2_short_read_average	0.05308516055835563	0.6136370111346499	na	0.0	0.0	na	0.0	0.0	408.0	0.0	0.0	na	na	na
