rank	sample	Weighted UniFrac error	Unweighted UniFrac error	L1 norm error	Completeness	Purity	F1 score	True positives	False positives	False negatives	Taxon counts	Jaccard index	Shannon diversity	Shannon equitability	Bray-Curtis distance
superkingdom	strmgCAMI2_short_read_average	0.026809836832786774	1.127464596991319	0.24978057136385512	1.0	0.25	0.4	1.0	3.0	0.0	4.0	0.25	0.499609402984642	0.36039200403371935	0.12489028568192755
phylum	strmgCAMI2_short_read_average	0.026809836832786774	1.127464596991319	0.10977500462389791	1.0	0.3333333333333333	0.5	4.0	8.0	0.0	12.0	0.3333333333333333	0.8590529647775874	0.3457083447584952	0.05488750231194895
class	strmgCAMI2_short_read_average	0.026809836832786774	1.127464596991319	0.10152143929404858	0.8	0.26666666666666666	0.4	4.0	11.0	1.0	15.0	0.25	0.8067689757341366	0.297915073880747	0.050760719647024305
order	strmgCAMI2_short_read_average	0.026809836832786774	1.127464596991319	0.12524786137766383	0.6666666666666666	0.12121212121212122	0.20512820512820512	4.0	29.0	2.0	33.0	0.11428571428571428	1.0369344100440017	0.2965628964946663	0.06262393068883192
family	strmgCAMI2_short_read_average	0.026809836832786774	1.127464596991319	0.18985177820931273	0.7777777777777778	0.1206896551724138	0.208955223880597	7.0	51.0	2.0	58.0	0.11666666666666667	1.314219344883319	0.32366402913914133	0.09492588910465635
genus	strmgCAMI2_short_read_average	0.026809836832786774	1.127464596991319	0.37519635671722623	0.8333333333333334	0.078125	0.14285714285714285	10.0	118.0	2.0	128.0	0.07692307692307693	1.732687422701067	0.3571056503059298	0.1875981783586133
species	strmgCAMI2_short_read_average	0.026809836832786774	1.127464596991319	0.433245123534179	0.45	0.027607361963190184	0.05202312138728324	9.0	317.0	11.0	326.0	0.026706231454005934	1.897466481387673	0.32789012079207513	0.21662256176709
strain	strmgCAMI2_short_read_average	0.026809836832786774	1.127464596991319	na	0.0	0.0	na	0.0	0.0	408.0	0.0	0.0	na	na	na
