S1	E1	S2	E2	Reference	Contig	IDY	Ambiguous	Best_group
1	3148	11816	8669	GCA_000192865.1_crisprs_GCA_000192865.1_CRISPR_2_from_3643810__all_	NODE_2337_length_24754_cov_8.750132	100.0		True
CONTIG	NODE_2337_length_24754_cov_8.750132	24754	correct_unaligned
1	598	9600	10197	GCA_000192865.1_crisprs_GCA_000192865.1_CRISPR_1_from_710346__all_	NODE_2529_length_23209_cov_8.455127	99.83		True
CONTIG	NODE_2529_length_23209_cov_8.455127	23209	correct_unaligned
1	4153	6959	2805	GCA_000192865.1_crisprs_GCA_000192865.1_CRISPR_0_from_693937__all_	NODE_3188_length_19019_cov_9.517527	99.9		True
CONTIG	NODE_3188_length_19019_cov_9.517527	19019	correct_unaligned
1	375	380	6	GCA_000192865.1_crisprs_GCA_000192865.1_CRISPR_0_from_693937__all_	NODE_454526_length_513_cov_5.043578	99.2		True
CONTIG	NODE_454526_length_513_cov_5.043578	513	correct
1	2247	12658	14904	GCA_000192865.1_crisprs_GCA_000192865.1_CRISPR_3_from_3896421__all_	NODE_3737_length_16558_cov_7.945574	100.0		True
CONTIG	NODE_3737_length_16558_cov_7.945574	16558	correct_unaligned
