S1	E1	S2	E2	Reference	Contig	IDY	Ambiguous	Best_group
1	6799	76691	69893	GCA_000012885.1_crisprs_GCA_000012885.1_CRISPR_0_from_1134549__all_	NODE_923_length_91446_cov_15.297611	100.0		True
CONTIG	NODE_923_length_91446_cov_15.297611	91446	correct_unaligned
1	6799	14328	21126	GCA_000012885.1_crisprs_GCA_000012885.1_CRISPR_0_from_1134549__all_	NODE_3748_length_25527_cov_11.025540	100.0		True
CONTIG	NODE_3748_length_25527_cov_11.025540	25527	correct_unaligned
1	6799	76691	69893	GCA_000012885.1_crisprs_GCA_000012885.1_CRISPR_0_from_1134549__all_	NODE_924_length_91446_cov_15.287085	100.0		True
CONTIG	NODE_924_length_91446_cov_15.287085	91446	correct_unaligned
