S1	E1	S2	E2	Reference	Contig	IDY	Ambiguous	Best_group
1	820	138916	138097	GCA_001430865.1_crisprs_GCA_001430865.1_CRISPR_0_from_1748110__ml_	NODE_267_length_191246_cov_16.655245	100.0		True
CONTIG	NODE_267_length_191246_cov_16.655245	191246	correct_unaligned
1	820	9959	10778	GCA_001430865.1_crisprs_GCA_001430865.1_CRISPR_0_from_1748110__ml_	NODE_1731_length_48829_cov_11.974114	100.0		True
CONTIG	NODE_1731_length_48829_cov_11.974114	48829	correct_unaligned
1	820	138916	138097	GCA_001430865.1_crisprs_GCA_001430865.1_CRISPR_0_from_1748110__ml_	NODE_273_length_191246_cov_16.655648	100.0		True
CONTIG	NODE_273_length_191246_cov_16.655648	191246	correct_unaligned
