S1	E1	S2	E2	Reference	Contig	IDY	Ambiguous	Best_group
1	3306	29	3334	GCA_000015145.1_crisprs_GCA_000015145.1_CRISPR_0_from_632553__all_	NODE_5_length_1034640_cov_498.068892	100.0		True
unknown
1	3182	69850	73031	GCA_000015145.1_crisprs_GCA_000015145.1_CRISPR_1_from_702374__all_	NODE_5_length_1034640_cov_498.068892	100.0		True
unknown
CONTIG	NODE_5_length_1034640_cov_498.068892	1034640	mis_unaligned
1	3306	632554	635859	GCA_000015145.1_crisprs_GCA_000015145.1_CRISPR_0_from_632553__all_	NODE_1_length_1667163_cov_373.653629	100.0		True
unknown
1	3182	702375	705556	GCA_000015145.1_crisprs_GCA_000015145.1_CRISPR_1_from_702374__all_	NODE_1_length_1667163_cov_373.653629	100.0		True
unknown
CONTIG	NODE_1_length_1667163_cov_373.653629	1667163	mis_unaligned
1	3306	29	3334	GCA_000015145.1_crisprs_GCA_000015145.1_CRISPR_0_from_632553__all_	NODE_3_length_1034640_cov_498.069107	100.0		True
unknown
1	3182	69850	73031	GCA_000015145.1_crisprs_GCA_000015145.1_CRISPR_1_from_702374__all_	NODE_3_length_1034640_cov_498.069107	100.0		True
unknown
CONTIG	NODE_3_length_1034640_cov_498.069107	1034640	mis_unaligned
