S1	E1	S2	E2	Reference	Contig	IDY	Ambiguous	Best_group
1	1251	1278	28	GCA_000011185.1_crisprs_GCA_000011185.1_CRISPR_0_from_109188__all_	NODE_34812_length_3791_cov_7.311831	100.0		True
CONTIG	NODE_34812_length_3791_cov_7.311831	3791	correct_unaligned
1	1251	2844	1594	GCA_000011185.1_crisprs_GCA_000011185.1_CRISPR_0_from_109188__all_	NODE_10163_length_10215_cov_4.907871	99.76		True
CONTIG	NODE_10163_length_10215_cov_4.907871	10215	correct_unaligned
1	1251	1278	28	GCA_000011185.1_crisprs_GCA_000011185.1_CRISPR_0_from_109188__all_	NODE_34834_length_3791_cov_7.310493	100.0		True
CONTIG	NODE_34834_length_3791_cov_7.310493	3791	correct_unaligned
1	1146	1173	28	GCA_000011185.1_crisprs_GCA_000011185.1_CRISPR_1_from_121470__all_	NODE_156033_length_1247_cov_6.074664	100.0		True
CONTIG	NODE_156033_length_1247_cov_6.074664	1247	correct
1	1146	1195	50	GCA_000011185.1_crisprs_GCA_000011185.1_CRISPR_1_from_121470__all_	NODE_137326_length_1269_cov_4.312919	100.0		True
CONTIG	NODE_137326_length_1269_cov_4.312919	1269	correct
1	1146	1173	28	GCA_000011185.1_crisprs_GCA_000011185.1_CRISPR_1_from_121470__all_	NODE_155955_length_1247_cov_6.074664	100.0		True
CONTIG	NODE_155955_length_1247_cov_6.074664	1247	correct
