S1	E1	S2	E2	Reference	Contig	IDY	Ambiguous	Best_group
1	5270	238057	243326	GCA_000211475.1_crisprs_GCA_000211475.1_CRISPR_0_from_1491888__all_	NODE_56_length_568045_cov_14.213042	100.0		True
unknown
1	5747	434281	440027	GCA_000211475.1_crisprs_GCA_000211475.1_CRISPR_1_from_1688112__all_	NODE_56_length_568045_cov_14.213042	100.0		True
unknown
CONTIG	NODE_56_length_568045_cov_14.213042	568045	mis_unaligned
