tool	sample	Weighted UniFrac error	Unweighted UniFrac error	L1 norm error	Completeness	Purity	F1 score	True positives	False positives	False negatives	Taxon counts	Jaccard index	Shannon diversity	Shannon equitability	Bray-Curtis distance	Weighted UniFrac error (unfiltered)	Unweighted UniFrac error (unfiltered)	L1 norm error (unfiltered)	Completeness (unfiltered)	Purity (unfiltered)	F1 score (unfiltered)	True positives (unfiltered)	False positives (unfiltered)	False negatives (unfiltered)	Taxon counts (unfiltered)	Jaccard index (unfiltered)	Shannon diversity (unfiltered)	Shannon equitability (unfiltered)	Bray-Curtis distance (unfiltered)
LSHVa	strmgCAMI2_short_read_average	0.014586327859355187	0.9747097822225189	0.05171293807572098	0.4	1.0	0.5714285714285715	2.0	0.0	3.0	2.0	0.4	0.6876713630432856	0.9921000652239022	0.025856469037860492	0.014586327859355187	0.9747097822225189	0.05171293807572098	0.4	1.0	0.5714285714285715	2.0	0.0	3.0	2.0	0.4	0.6876713630432856	0.9921000652239022	0.025856469037860492
LSHVb	strmgCAMI2_short_read_average	0.05308516055835567	0.6136370111346499	0.6093004481194371	1.0	1.0	1.0	5.0	0.0	0.0	5.0	1.0	0.7815352770766779	0.48559517023846577	0.3054206365940695	0.05308516055835567	0.6136370111346499	0.6143453759471192	1.0	0.7142857142857143	0.8333333333333333	5.0	2.0	0.0	7.0	0.7142857142857143	0.8116649041562166	0.4171132488055823	0.3071726879735597
LSHVe	strmgCAMI2_short_read_average	0.02873054337687953	0.661633067132597	0.2767290578917715	0.4	1.0	0.5714285714285715	2.0	0.0	3.0	2.0	0.4	0.6858740221446973	0.9895070504227219	0.13836452894588577	0.02873054337687953	0.661633067132597	0.2767290578917715	0.4	1.0	0.5714285714285715	2.0	0.0	3.0	2.0	0.4	0.6858740221446973	0.9895070504227219	0.13836452894588577
NSSAC	strmgCAMI2_short_read_average	0.026809836832786763	1.1274645969913182	0.09839402118726501	0.4	0.5	0.4444444444444445	2.0	2.0	3.0	4.0	0.2857142857142857	0.7747235720435427	0.5588449277235014	0.04930271831764991	0.026809836832786763	1.1274645969913182	0.1015214392940486	0.8	0.26666666666666666	0.4	4.0	11.0	1.0	15.0	0.25	0.8067689757341366	0.297915073880747	0.05076071964702429
