tool	sample	Weighted UniFrac error	Unweighted UniFrac error	L1 norm error	Completeness	Purity	F1 score	True positives	False positives	False negatives	Taxon counts	Jaccard index	Shannon diversity	Shannon equitability	Bray-Curtis distance	Weighted UniFrac error (unfiltered)	Unweighted UniFrac error (unfiltered)	L1 norm error (unfiltered)	Completeness (unfiltered)	Purity (unfiltered)	F1 score (unfiltered)	True positives (unfiltered)	False positives (unfiltered)	False negatives (unfiltered)	Taxon counts (unfiltered)	Jaccard index (unfiltered)	Shannon diversity (unfiltered)	Shannon equitability (unfiltered)	Bray-Curtis distance (unfiltered)
LSHVa	strmgCAMI2_short_read_average	0.014586327859355187	0.9747097822225189	0.20120673700969394	0.3333333333333333	1.0	0.5	3.0	0.0	6.0	3.0	0.3333333333333333	0.8349321472018667	0.7599879919549118	0.10060336850484697	0.014586327859355187	0.9747097822225189	0.20120673700969394	0.3333333333333333	1.0	0.5	3.0	0.0	6.0	3.0	0.3333333333333333	0.8349321472018667	0.7599879919549118	0.10060336850484697
LSHVb	strmgCAMI2_short_read_average	0.05308516055835567	0.6136370111346499	0.6588505839897979	0.8888888888888888	0.8	0.8421052631578948	8.0	2.0	1.0	10.0	0.7272727272727273	1.0493668313808568	0.4557342243610062	0.33098614674012655	0.05308516055835567	0.6136370111346499	0.6682821252225678	0.8888888888888888	0.5714285714285714	0.6956521739130435	8.0	6.0	1.0	14.0	0.5333333333333333	1.1063046100090994	0.41920446274290857	0.33414106261128407
LSHVe	strmgCAMI2_short_read_average	0.02873054337687953	0.661633067132597	0.2841619650195622	0.2222222222222222	1.0	0.3636363636363636	2.0	0.0	7.0	2.0	0.2222222222222222	0.6858740221446973	0.9895070504227219	0.1420809825097811	0.02873054337687953	0.661633067132597	0.2841619650195622	0.2222222222222222	1.0	0.3636363636363636	2.0	0.0	7.0	2.0	0.2222222222222222	0.6858740221446973	0.9895070504227219	0.1420809825097811
NSSAC	strmgCAMI2_short_read_average	0.026809836832786763	1.1274645969913182	0.18117371478767627	0.6666666666666666	0.375	0.4800000000000001	6.0	10.0	3.0	16.0	0.3157894736842105	1.2401098291104595	0.44727507515382997	0.09102040099770296	0.026809836832786763	1.1274645969913182	0.18985177820931265	0.7777777777777778	0.1206896551724138	0.208955223880597	7.0	51.0	2.0	58.0	0.11666666666666667	1.314219344883319	0.32366402913914133	0.09492588910465635
