tool	sample	Weighted UniFrac error	Unweighted UniFrac error	L1 norm error	Completeness	Purity	F1 score	True positives	False positives	False negatives	Taxon counts	Jaccard index	Shannon diversity	Shannon equitability	Bray-Curtis distance	Weighted UniFrac error (unfiltered)	Unweighted UniFrac error (unfiltered)	L1 norm error (unfiltered)	Completeness (unfiltered)	Purity (unfiltered)	F1 score (unfiltered)	True positives (unfiltered)	False positives (unfiltered)	False negatives (unfiltered)	Taxon counts (unfiltered)	Jaccard index (unfiltered)	Shannon diversity (unfiltered)	Shannon equitability (unfiltered)	Bray-Curtis distance (unfiltered)
LSHVa	strmgCAMI2_short_read_average	0.014586327859355187	0.9747097822225189	0.24164765717533612	0.3333333333333333	1.0	0.5	4.0	0.0	8.0	4.0	0.3333333333333333	1.1193595980490376	0.807447270538405	0.12082382858766808	0.014586327859355187	0.9747097822225189	0.24164765717533612	0.3333333333333333	1.0	0.5	4.0	0.0	8.0	4.0	0.3333333333333333	1.1193595980490376	0.807447270538405	0.12082382858766808
LSHVb	strmgCAMI2_short_read_average	0.05308516055835567	0.6136370111346499	0.86491165012723	1.0	0.35294117647058826	0.5217391304347826	12.0	22.0	0.0	34.0	0.35294117647058826	2.569990493937866	0.7287940288571615	0.4346085793251116	0.05308516055835567	0.6136370111346499	0.8748182850346198	1.0	0.3076923076923077	0.47058823529411764	12.0	27.0	0.0	39.0	0.3076923076923077	2.6316357012803113	0.7183271241144505	0.43740914251730983
LSHVe	strmgCAMI2_short_read_average	0.02873054337687953	0.661633067132597	0.36189154364621906	0.25	1.0	0.4	3.0	0.0	9.0	3.0	0.25	1.0011253195867242	0.9112635366571652	0.1809457718231095	0.02873054337687953	0.661633067132597	0.36189154364621906	0.25	1.0	0.4	3.0	0.0	9.0	3.0	0.25	1.0011253195867245	0.9112635366571654	0.1809457718231095
NSSAC	strmgCAMI2_short_read_average	0.026809836832786763	1.1274645969913182	0.36545269990320617	0.8333333333333334	0.2857142857142857	0.42553191489361697	10.0	25.0	2.0	35.0	0.2702702702702703	1.6467950759984145	0.46318814572223227	0.18362091956365467	0.026809836832786763	1.1274645969913182	0.37519635671722623	0.8333333333333334	0.078125	0.14285714285714285	10.0	118.0	2.0	128.0	0.07692307692307693	1.732687422701067	0.3571056503059298	0.18759817835861334
