tool	sample	Weighted UniFrac error	Unweighted UniFrac error	L1 norm error	Completeness	Purity	F1 score	True positives	False positives	False negatives	Taxon counts	Jaccard index	Shannon diversity	Shannon equitability	Bray-Curtis distance	Weighted UniFrac error (unfiltered)	Unweighted UniFrac error (unfiltered)	L1 norm error (unfiltered)	Completeness (unfiltered)	Purity (unfiltered)	F1 score (unfiltered)	True positives (unfiltered)	False positives (unfiltered)	False negatives (unfiltered)	Taxon counts (unfiltered)	Jaccard index (unfiltered)	Shannon diversity (unfiltered)	Shannon equitability (unfiltered)	Bray-Curtis distance (unfiltered)
LSHVa	strmgCAMI2_short_read_average	0.014586327859355187	0.9747097822225189	0.07997857524880789	0.5	1.0	0.6666666666666666	3.0	0.0	3.0	3.0	0.5	0.8349321472018667	0.7599879919549118	0.03998928762440395	0.014586327859355187	0.9747097822225189	0.07997857524880789	0.5	1.0	0.6666666666666666	3.0	0.0	3.0	3.0	0.5	0.8349321472018667	0.7599879919549118	0.03998928762440395
LSHVb	strmgCAMI2_short_read_average	0.05308516055835567	0.6136370111346499	0.6110019264076384	1.0	1.0	1.0	6.0	0.0	0.0	6.0	1.0	0.9208403123299973	0.513930763668141	0.3062735271237538	0.05308516055835567	0.6136370111346499	0.6160468542353206	1.0	0.75	0.8571428571428571	6.0	2.0	0.0	8.0	0.75	0.9509699394095359	0.4573198718735385	0.3080234271176603
LSHVe	strmgCAMI2_short_read_average	0.02873054337687953	0.661633067132597	0.27672902414246603	0.3333333333333333	1.0	0.5	2.0	0.0	4.0	2.0	0.3333333333333333	0.6858740221446973	0.9895070504227219	0.13836451207123301	0.02873054337687953	0.661633067132597	0.27672902414246603	0.3333333333333333	1.0	0.5	2.0	0.0	4.0	2.0	0.3333333333333333	0.6858740221446973	0.9895070504227219	0.13836451207123301
NSSAC	strmgCAMI2_short_read_average	0.026809836832786763	1.1274645969913182	0.11777670571282556	0.5	0.42857142857142855	0.4615384615384615	3.0	4.0	3.0	7.0	0.3	0.9759988347720925	0.5015641833441865	0.059135356030045626	0.026809836832786763	1.1274645969913182	0.12524786137766383	0.6666666666666666	0.12121212121212122	0.20512820512820512	4.0	29.0	2.0	33.0	0.11428571428571428	1.0369344100440017	0.2965628964946663	0.06262393068883192
