tool	sample	Weighted UniFrac error	Unweighted UniFrac error	L1 norm error	Completeness	Purity	F1 score	True positives	False positives	False negatives	Taxon counts	Jaccard index	Shannon diversity	Shannon equitability	Bray-Curtis distance	Weighted UniFrac error (unfiltered)	Unweighted UniFrac error (unfiltered)	L1 norm error (unfiltered)	Completeness (unfiltered)	Purity (unfiltered)	F1 score (unfiltered)	True positives (unfiltered)	False positives (unfiltered)	False negatives (unfiltered)	Taxon counts (unfiltered)	Jaccard index (unfiltered)	Shannon diversity (unfiltered)	Shannon equitability (unfiltered)	Bray-Curtis distance (unfiltered)
LSHVa	strmgCAMI2_short_read_average	0.014586327859355187	0.9747097822225189	0.6723744533338278	0.15	0.375	0.21428571428571425	3.0	5.0	17.0	8.0	0.12	1.582160087088967	0.7608581705119011	0.336187226666914	0.014586327859355187	0.9747097822225189	0.6723744533338278	0.15	0.375	0.21428571428571425	3.0	5.0	17.0	8.0	0.12	1.582160087088967	0.7608581705119011	0.336187226666914
LSHVb	strmgCAMI2_short_read_average	0.05308516055835567	0.6136370111346499	1.8352463895362634	0.55	0.06666666666666667	0.11891891891891891	11.0	154.0	9.0	165.0	0.06321839080459771	4.736434106150284	0.9276311567291345	0.921977986497997	0.05308516055835567	0.6136370111346499	1.8446930179669618	0.55	0.06470588235294118	0.11578947368421055	11.0	159.0	9.0	170.0	0.061452513966480445	4.795678563263064	0.9337746841204801	0.9223465089834813
LSHVe	strmgCAMI2_short_read_average	0.02873054337687953	0.661633067132597	0.35928299764654104	0.15	1.0	0.2608695652173913	3.0	0.0	17.0	3.0	0.15	1.0011253195867242	0.9112635366571652	0.17964149882327052	0.02873054337687953	0.661633067132597	0.35928299764654104	0.15	1.0	0.2608695652173913	3.0	0.0	17.0	3.0	0.15	1.0011253195867245	0.9112635366571654	0.17964149882327052
NSSAC	strmgCAMI2_short_read_average	0.026809836832786763	1.1274645969913182	0.4235834449395138	0.35	0.058333333333333334	0.1	7.0	113.0	13.0	120.0	0.05263157894736842	1.7994055239397393	0.37585558798146185	0.21285461065242334	0.026809836832786763	1.1274645969913182	0.43324512353417916	0.45	0.027607361963190184	0.05202312138728324	9.0	317.0	11.0	326.0	0.026706231454005934	1.897466481387673	0.32789012079207513	0.21662256176709002
