tool	sample	Weighted UniFrac error	Unweighted UniFrac error	L1 norm error	Completeness	Purity	F1 score	True positives	False positives	False negatives	Taxon counts	Jaccard index	Shannon diversity	Shannon equitability	Bray-Curtis distance	Weighted UniFrac error (unfiltered)	Unweighted UniFrac error (unfiltered)	L1 norm error (unfiltered)	Completeness (unfiltered)	Purity (unfiltered)	F1 score (unfiltered)	True positives (unfiltered)	False positives (unfiltered)	False negatives (unfiltered)	Taxon counts (unfiltered)	Jaccard index (unfiltered)	Shannon diversity (unfiltered)	Shannon equitability (unfiltered)	Bray-Curtis distance (unfiltered)
LSHVa	marmgCAMI2_short_read_average	0.08726367001258765	0.6528722069323715	0.8535342856068118	0.6102941176470589	0.8556701030927835	0.7124463519313304	83.0	14.0	53.0	97.0	0.5533333333333333	3.640287161190158	0.7957414530220395	0.6349694187380398	0.08726367001258765	0.6528722069323715	0.8612122677432555	0.6323529411764706	0.8514851485148515	0.7257383966244726	86.0	15.0	50.0	101.0	0.5695364238410596	3.6912887705516635	0.7998250006866783	0.6367726907250159
LSHVb	marmgCAMI2_short_read_average	0.08600234315896436	0.6988878811013505	0.8065605161631736	0.49264705882352944	0.8701298701298701	0.6291079812206574	67.0	10.0	69.0	77.0	0.4589041095890411	3.7852262035827513	0.8714078638373807	0.6001745806239364	0.08600234315896436	0.6988878811013505	0.8133824138883186	0.5220588235294118	0.8658536585365854	0.6513761467889908	71.0	11.0	65.0	82.0	0.48299319727891155	3.8398909386801194	0.871371812729838	0.6014077222068566
Metln	marmgCAMI2_short_read_average	0.07888637912380955	0.6467243552698748	0.6218941	0.5808823529411765	0.9518072289156626	0.7214611872146118	79.0	4.0	57.0	83.0	0.5642857142857143	3.3385492363745253	0.7555260604974056	0.4793059115958525	0.07888637912380955	0.6467243552698748	0.6174897999999999	0.8676470588235294	0.9147286821705426	0.8905660377358491	118.0	11.0	18.0	129.0	0.8027210884353742	3.4189585343479907	0.7035165660467639	0.47231666161834035
