tool	sample	Weighted UniFrac error	Unweighted UniFrac error	L1 norm error	Completeness	Purity	F1 score	True positives	False positives	False negatives	Taxon counts	Jaccard index	Shannon diversity	Shannon equitability	Bray-Curtis distance	Weighted UniFrac error (unfiltered)	Unweighted UniFrac error (unfiltered)	L1 norm error (unfiltered)	Completeness (unfiltered)	Purity (unfiltered)	F1 score (unfiltered)	True positives (unfiltered)	False positives (unfiltered)	False negatives (unfiltered)	Taxon counts (unfiltered)	Jaccard index (unfiltered)	Shannon diversity (unfiltered)	Shannon equitability (unfiltered)	Bray-Curtis distance (unfiltered)
LSHVa	marmgCAMI2_short_read_average	0.08726367001258765	0.6528722069323715	0.8848131897954238	0.5424354243542435	0.91875	0.6821345707656612	147.0	13.0	124.0	160.0	0.5176056338028169	4.458952659249959	0.8785812706287623	0.6533834378834387	0.08726367001258765	0.6528722069323715	0.8912779416662633	0.5571955719557196	0.9151515151515152	0.6926605504587156	151.0	14.0	120.0	165.0	0.5298245614035088	4.519267975747294	0.885099145466372	0.6535002920156642
LSHVb	marmgCAMI2_short_read_average	0.08600234315896436	0.6988878811013505	0.8288006847497903	0.42435424354243545	0.9274193548387096	0.5822784810126582	115.0	9.0	156.0	124.0	0.4107142857142857	4.5366863540771005	0.941166256022984	0.6119578076835331	0.08600234315896436	0.6988878811013505	0.8354362291743691	0.44649446494464945	0.9307692307692308	0.6034912718204489	121.0	9.0	150.0	130.0	0.43214285714285716	4.597991633505726	0.9446243637937419	0.6125561894926236
Metln	marmgCAMI2_short_read_average	0.07888637912380955	0.6467243552698748	0.6437652000000001	0.5461254612546126	0.9548387096774194	0.6948356807511737	148.0	7.0	123.0	155.0	0.5323741007194245	3.9361885437033797	0.7804594005963515	0.4810405384119454	0.07888637912380955	0.6467243552698748	0.6396424	0.7785977859778598	0.9336283185840708	0.8490945674044267	211.0	15.0	60.0	226.0	0.7377622377622378	4.022600840557773	0.7421040249897497	0.47442044957777446
