tool	sample	Weighted UniFrac error	Unweighted UniFrac error	L1 norm error	Completeness	Purity	F1 score	True positives	False positives	False negatives	Taxon counts	Jaccard index	Shannon diversity	Shannon equitability	Bray-Curtis distance	Weighted UniFrac error (unfiltered)	Unweighted UniFrac error (unfiltered)	L1 norm error (unfiltered)	Completeness (unfiltered)	Purity (unfiltered)	F1 score (unfiltered)	True positives (unfiltered)	False positives (unfiltered)	False negatives (unfiltered)	Taxon counts (unfiltered)	Jaccard index (unfiltered)	Shannon diversity (unfiltered)	Shannon equitability (unfiltered)	Bray-Curtis distance (unfiltered)
LSHVa	marmgCAMI2_short_read_average	0.08726367001258765	0.6528722069323715	0.8265934285619031	0.6296296296296297	0.864406779661017	0.7285714285714285	51.0	8.0	30.0	59.0	0.5730337078651685	3.1010474740490555	0.7605196804958531	0.6134730116125465	0.08726367001258765	0.6528722069323715	0.8347575034430139	0.654320987654321	0.8412698412698413	0.7361111111111113	53.0	10.0	28.0	63.0	0.5824175824175825	3.1574877552353247	0.7621011537767062	0.6152771356838542
LSHVb	marmgCAMI2_short_read_average	0.08600234315896436	0.6988878811013505	0.76651307300523	0.5308641975308642	0.8958333333333334	0.6666666666666666	43.0	5.0	38.0	48.0	0.5	3.241230283815477	0.8372673686234985	0.568361216920866	0.08600234315896436	0.6988878811013505	0.7723605856231199	0.5679012345679012	0.8846153846153846	0.6917293233082706	46.0	6.0	35.0	52.0	0.5287356321839081	3.291311393994353	0.8329811139000044	0.5692860583789157
Metln	marmgCAMI2_short_read_average	0.07888637912380955	0.6467243552698748	0.6134975	0.5925925925925926	0.9795918367346939	0.7384615384615384	48.0	1.0	33.0	49.0	0.5853658536585366	2.89104181215117	0.7428507974930632	0.46810212465820206	0.07888637912380955	0.6467243552698748	0.6121498999999999	0.8888888888888888	0.935064935064935	0.9113924050632912	72.0	5.0	9.0	77.0	0.8372093023255814	2.9633928758554346	0.6822112383180439	0.46375002964015816
