tool	sample	Weighted UniFrac error	Unweighted UniFrac error	L1 norm error	Completeness	Purity	F1 score	True positives	False positives	False negatives	Taxon counts	Jaccard index	Shannon diversity	Shannon equitability	Bray-Curtis distance	Weighted UniFrac error (unfiltered)	Unweighted UniFrac error (unfiltered)	L1 norm error (unfiltered)	Completeness (unfiltered)	Purity (unfiltered)	F1 score (unfiltered)	True positives (unfiltered)	False positives (unfiltered)	False negatives (unfiltered)	Taxon counts (unfiltered)	Jaccard index (unfiltered)	Shannon diversity (unfiltered)	Shannon equitability (unfiltered)	Bray-Curtis distance (unfiltered)
LSHVa	marmgCAMI2_short_read_average	0.08726367001258765	0.6528722069323715	0.7069231857780909	0.52	1.0	0.6842105263157895	13.0	0.0	12.0	13.0	0.52	1.2020059395432416	0.4686275524491585	0.518754075014386	0.08726367001258765	0.6528722069323715	0.7129786	0.64	1.0	0.7804878048780487	16.0	0.0	9.0	16.0	0.64	1.24743782195747	0.4499180898888429	0.5202875926730801
LSHVb	marmgCAMI2_short_read_average	0.08600234315896436	0.6988878811013505	0.7100468052988654	0.44	1.0	0.6111111111111112	11.0	0.0	14.0	11.0	0.44	1.2951540095856773	0.5401211738802162	0.5205872089891889	0.08600234315896436	0.6988878811013505	0.7138258	0.56	1.0	0.717948717948718	14.0	0.0	11.0	14.0	0.56	1.3346078462032331	0.5057138513917021	0.5209058267245825
Metln	marmgCAMI2_short_read_average	0.07888637912380955	0.6467243552698748	0.6221638	0.4	1.0	0.5714285714285715	10.0	0.0	15.0	10.0	0.4	1.0307291080312873	0.44763996395504874	0.46056642454554725	0.07888637912380955	0.6467243552698748	0.6210743	0.8	0.9523809523809523	0.8695652173913043	20.0	1.0	5.0	21.0	0.7692307692307693	1.0916685727174948	0.35856808253113176	0.45675069947671154
