tool	sample	Weighted UniFrac error	Unweighted UniFrac error	L1 norm error	Completeness	Purity	F1 score	True positives	False positives	False negatives	Taxon counts	Jaccard index	Shannon diversity	Shannon equitability	Bray-Curtis distance	Weighted UniFrac error (unfiltered)	Unweighted UniFrac error (unfiltered)	L1 norm error (unfiltered)	Completeness (unfiltered)	Purity (unfiltered)	F1 score (unfiltered)	True positives (unfiltered)	False positives (unfiltered)	False negatives (unfiltered)	Taxon counts (unfiltered)	Jaccard index (unfiltered)	Shannon diversity (unfiltered)	Shannon equitability (unfiltered)	Bray-Curtis distance (unfiltered)
LSHVa	marmgCAMI2_short_read_average	0.08726367001258765	0.6528722069323715	1.645722676212876	0.38284518828451886	0.6853932584269663	0.4912751677852349	183.0	84.0	295.0	267.0	0.32562277580071175	5.338134985688638	0.95541389189166	0.8472845119639851	0.08726367001258765	0.6528722069323715	1.6524303431166902	0.3891213389121339	0.6838235294117647	0.496	186.0	86.0	292.0	272.0	0.32978723404255317	5.397047623697145	0.962761003665478	0.8466476581515805
LSHVb	marmgCAMI2_short_read_average	0.08600234315896436	0.6988878811013505	1.629787692337524	0.3179916317991632	0.5914396887159533	0.41360544217687073	152.0	105.0	326.0	257.0	0.2607204116638079	5.338853678725108	0.9621157823475616	0.8388558320371349	0.08600234315896436	0.6988878811013505	1.6386510569098596	0.3179916317991632	0.5779467680608364	0.4102564102564102	152.0	111.0	326.0	263.0	0.25806451612903225	5.396621390380663	0.9684982430881404	0.8395876326281997
Metln	marmgCAMI2_short_read_average	0.07888637912380955	0.6467243552698748	1.3404836000000007	0.5920502092050209	0.5957894736842105	0.5939139559286465	283.0	192.0	195.0	475.0	0.4223880597014925	4.812164421628741	0.7807753740695822	0.6941205175732442	0.07888637912380955	0.6467243552698748	1.3463854000000015	0.6757322175732218	0.3450854700854701	0.45685997171145687	323.0	613.0	155.0	936.0	0.29605866177818513	4.914031213527938	0.7182559777618384	0.6935862869539353
