tool	sample	Weighted UniFrac error	Unweighted UniFrac error	L1 norm error	Completeness	Purity	F1 score	True positives	False positives	False negatives	Taxon counts	Jaccard index	Shannon diversity	Shannon equitability	Bray-Curtis distance
LSHVa	strmgCAMI2_short_read_average	0.014586327859355186	0.9747097822225189	0.051712938075720985	0.4	1.0	0.5714285714285715	2.0	0.0	3.0	2.0	0.4	0.6876713630432856	0.9921000652239022	0.025856469037860496
LSHVb	strmgCAMI2_short_read_average	0.05308516055835563	0.6136370111346499	0.6143453759471191	1.0	0.7142857142857143	0.8333333333333333	5.0	2.0	0.0	7.0	0.7142857142857143	0.8116649041562166	0.4171132488055823	0.30717268797355957
LSHVe	strmgCAMI2_short_read_average	0.028730543376879542	0.6616330671325971	0.2767290578917715	0.4	1.0	0.5714285714285715	2.0	0.0	3.0	2.0	0.4	0.6858740221446973	0.9895070504227219	0.13836452894588577
NSSAC	strmgCAMI2_short_read_average	0.026809836832786774	1.127464596991319	0.10152143929404858	0.8	0.26666666666666666	0.4	4.0	11.0	1.0	15.0	0.25	0.8067689757341366	0.297915073880747	0.050760719647024305
