tool	sample	Weighted UniFrac error	Unweighted UniFrac error	L1 norm error	Completeness	Purity	F1 score	True positives	False positives	False negatives	Taxon counts	Jaccard index	Shannon diversity	Shannon equitability	Bray-Curtis distance
LSHVa	strmgCAMI2_short_read_average	0.014586327859355186	0.9747097822225189	0.20120673700969394	0.3333333333333333	1.0	0.5	3.0	0.0	6.0	3.0	0.3333333333333333	0.8349321472018667	0.7599879919549118	0.10060336850484697
LSHVb	strmgCAMI2_short_read_average	0.05308516055835563	0.6136370111346499	0.6682821252225679	0.8888888888888888	0.5714285714285714	0.6956521739130435	8.0	6.0	1.0	14.0	0.5333333333333333	1.1063046100090994	0.41920446274290857	0.334141062611284
LSHVe	strmgCAMI2_short_read_average	0.028730543376879542	0.6616330671325971	0.2841619650195622	0.2222222222222222	1.0	0.3636363636363636	2.0	0.0	7.0	2.0	0.2222222222222222	0.6858740221446973	0.9895070504227219	0.14208098250978107
NSSAC	strmgCAMI2_short_read_average	0.026809836832786774	1.127464596991319	0.18985177820931273	0.7777777777777778	0.1206896551724138	0.208955223880597	7.0	51.0	2.0	58.0	0.11666666666666667	1.314219344883319	0.32366402913914133	0.09492588910465635
