tool	sample	Weighted UniFrac error	Unweighted UniFrac error	L1 norm error	Completeness	Purity	F1 score	True positives	False positives	False negatives	Taxon counts	Jaccard index	Shannon diversity	Shannon equitability	Bray-Curtis distance
LSHVa	strmgCAMI2_short_read_average	0.014586327859355186	0.9747097822225189	0.24164765717533615	0.3333333333333333	1.0	0.5	4.0	0.0	8.0	4.0	0.3333333333333333	1.1193595980490376	0.807447270538405	0.12082382858766806
LSHVb	strmgCAMI2_short_read_average	0.05308516055835563	0.6136370111346499	0.8748182850346198	1.0	0.3076923076923077	0.47058823529411764	12.0	27.0	0.0	39.0	0.3076923076923077	2.6316357012803113	0.7183271241144505	0.4374091425173099
LSHVe	strmgCAMI2_short_read_average	0.028730543376879542	0.6616330671325971	0.361891543646219	0.25	1.0	0.4	3.0	0.0	9.0	3.0	0.25	1.0011253195867245	0.9112635366571654	0.1809457718231095
NSSAC	strmgCAMI2_short_read_average	0.026809836832786774	1.127464596991319	0.37519635671722623	0.8333333333333334	0.078125	0.14285714285714285	10.0	118.0	2.0	128.0	0.07692307692307693	1.732687422701067	0.3571056503059298	0.1875981783586133
