tool	sample	Weighted UniFrac error	Unweighted UniFrac error	L1 norm error	Completeness	Purity	F1 score	True positives	False positives	False negatives	Taxon counts	Jaccard index	Shannon diversity	Shannon equitability	Bray-Curtis distance
LSHVa	strmgCAMI2_short_read_average	0.014586327859355186	0.9747097822225189	0.051712912763742194	0.5	1.0	0.6666666666666666	2.0	0.0	2.0	2.0	0.5	0.6876713630432856	0.9921000652239022	0.025856456381871097
LSHVb	strmgCAMI2_short_read_average	0.05308516055835563	0.6136370111346499	0.6061971039469729	1.0	1.0	1.0	4.0	0.0	0.0	4.0	1.0	0.7561409744256343	0.5454404170084056	0.30309855197348645
LSHVe	strmgCAMI2_short_read_average	0.028730543376879542	0.6616330671325971	0.2767290325797927	0.5	1.0	0.6666666666666666	2.0	0.0	2.0	2.0	0.5	0.6858740221446973	0.9895070504227219	0.13836451628989635
NSSAC	strmgCAMI2_short_read_average	0.026809836832786774	1.127464596991319	0.10977500462389791	1.0	0.3333333333333333	0.5	4.0	8.0	0.0	12.0	0.3333333333333333	0.8590529647775874	0.3457083447584952	0.05488750231194895
