tool	sample	Weighted UniFrac error	Unweighted UniFrac error	L1 norm error	Completeness	Purity	F1 score	True positives	False positives	False negatives	Taxon counts	Jaccard index	Shannon diversity	Shannon equitability	Bray-Curtis distance
LSHVa	strmgCAMI2_short_read_average	0.014586327859355186	0.9747097822225189	0.6723744533338278	0.15	0.375	0.21428571428571425	3.0	5.0	17.0	8.0	0.12	1.582160087088967	0.7608581705119011	0.33618722666691403
LSHVb	strmgCAMI2_short_read_average	0.05308516055835563	0.6136370111346499	1.8446930179669627	0.55	0.06470588235294118	0.11578947368421055	11.0	159.0	9.0	170.0	0.061452513966480445	4.795678563263064	0.9337746841204801	0.9223465089834813
LSHVe	strmgCAMI2_short_read_average	0.028730543376879542	0.6616330671325971	0.35928299764654104	0.15	1.0	0.2608695652173913	3.0	0.0	17.0	3.0	0.15	1.0011253195867245	0.9112635366571654	0.1796414988232705
NSSAC	strmgCAMI2_short_read_average	0.026809836832786774	1.127464596991319	0.433245123534179	0.45	0.027607361963190184	0.05202312138728324	9.0	317.0	11.0	326.0	0.026706231454005934	1.897466481387673	0.32789012079207513	0.21662256176709
