S1	E1	S2	E2	Reference	Contig	IDY	Ambiguous	Best_group
2095	2188	2717	2624	GCA_000591035.1_crisprs_GCA_000591035.1_CRISPR_3	NODE_62167_length_2717_cov_3.404167	98.94		True
CONTIG	NODE_62167_length_2717_cov_3.404167	2717	correct_unaligned
1367	2188	890	69	GCA_000591035.1_crisprs_GCA_000591035.1_CRISPR_3	NODE_277759_length_896_cov_3.170940	98.78		True
CONTIG	NODE_277759_length_896_cov_3.170940	896	correct
395	1121	727	1	GCA_000591035.1_crisprs_GCA_000591035.1_CRISPR_3	NODE_328972_length_727_cov_2.581538	100.0		True
CONTIG	NODE_328972_length_727_cov_2.581538	727	correct
1002	1504	503	1	GCA_000591035.1_crisprs_GCA_000591035.1_CRISPR_3	NODE_456678_length_511_cov_2.603687	99.4		True
CONTIG	NODE_456678_length_511_cov_2.603687	511	correct
528	1040	1	513	GCA_000591035.1_crisprs_GCA_000591035.1_CRISPR_2	NODE_178012_length_1382_cov_3.367050	99.03		True
CONTIG	NODE_178012_length_1382_cov_3.367050	1382	correct_unaligned
1	907	70	976	GCA_000591035.1_crisprs_GCA_000591035.1_CRISPR_1	NODE_257425_length_976_cov_3.453838	99.56		True
CONTIG	NODE_257425_length_976_cov_3.453838	976	correct
986	1199	3	216	GCA_000591035.1_crisprs_GCA_000591035.1_CRISPR_1	NODE_469097_length_500_cov_2.267139	98.6		True
CONTIG	NODE_469097_length_500_cov_2.267139	500	correct
1	215	870	656	GCA_000591035.1_crisprs_GCA_000591035.1_CRISPR_4	NODE_266627_length_939_cov_3.440835	100.0		True
CONTIG	NODE_266627_length_939_cov_3.440835	939	correct_unaligned
