S1	E1	S2	E2	Reference	Contig	IDY	Ambiguous	Best_group
1	2188	21668	23855	GCA_000591035.1_crisprs_GCA_000591035.1_CRISPR_3	NODE_1303_length_71834_cov_11.419886	100.0		True
CONTIG	NODE_1303_length_71834_cov_11.419886	71834	correct_unaligned
168	2188	5	2025	GCA_000591035.1_crisprs_GCA_000591035.1_CRISPR_3	NODE_4781_length_20464_cov_8.365919	99.9		True
CONTIG	NODE_4781_length_20464_cov_8.365919	20464	correct_unaligned
1	287	287	1	GCA_000591035.1_crisprs_GCA_000591035.1_CRISPR_3	NODE_5726_length_17339_cov_8.210231	100.0		True
CONTIG	NODE_5726_length_17339_cov_8.210231	17339	correct_unaligned
1	2188	21668	23855	GCA_000591035.1_crisprs_GCA_000591035.1_CRISPR_3	NODE_1309_length_71834_cov_11.427200	100.0		True
CONTIG	NODE_1309_length_71834_cov_11.427200	71834	correct_unaligned
1	1199	18568	17370	GCA_000591035.1_crisprs_GCA_000591035.1_CRISPR_1	NODE_6018_length_18615_cov_11.342834	100.0		True
CONTIG	NODE_6018_length_18615_cov_11.342834	18615	correct_unaligned
1	1199	70	1268	GCA_000591035.1_crisprs_GCA_000591035.1_CRISPR_1	NODE_1326_length_60066_cov_8.337429	100.0		True
CONTIG	NODE_1326_length_60066_cov_8.337429	60066	correct_unaligned
1	1199	18568	17370	GCA_000591035.1_crisprs_GCA_000591035.1_CRISPR_1	NODE_5964_length_18615_cov_11.349461	100.0		True
CONTIG	NODE_5964_length_18615_cov_11.349461	18615	correct_unaligned
1	1040	10767	9728	GCA_000591035.1_crisprs_GCA_000591035.1_CRISPR_2	NODE_10270_length_10799_cov_10.845774	100.0		True
CONTIG	NODE_10270_length_10799_cov_10.845774	10799	correct_unaligned
1	1040	55	1094	GCA_000591035.1_crisprs_GCA_000591035.1_CRISPR_2	NODE_9567_length_10814_cov_7.782248	100.0		True
CONTIG	NODE_9567_length_10814_cov_7.782248	10814	correct_unaligned
1	1040	10767	9728	GCA_000591035.1_crisprs_GCA_000591035.1_CRISPR_2	NODE_10227_length_10799_cov_10.847171	100.0		True
CONTIG	NODE_10227_length_10799_cov_10.847171	10799	correct_unaligned
1	215	10230	10016	GCA_000591035.1_crisprs_GCA_000591035.1_CRISPR_4	NODE_10831_length_10262_cov_11.253649	100.0		True
CONTIG	NODE_10831_length_10262_cov_11.253649	10262	correct_unaligned
1	215	20706	20492	GCA_000591035.1_crisprs_GCA_000591035.1_CRISPR_4	NODE_4694_length_20760_cov_8.403810	100.0		True
CONTIG	NODE_4694_length_20760_cov_8.403810	20760	correct_unaligned
1	215	10230	10016	GCA_000591035.1_crisprs_GCA_000591035.1_CRISPR_4	NODE_10782_length_10262_cov_11.262957	100.0		True
CONTIG	NODE_10782_length_10262_cov_11.262957	10262	correct_unaligned
