S1	E1	S2	E2	Reference	Contig	IDY	Ambiguous	Best_group
1	474	5094	5567	GCA_000011185.1_crisprs_GCA_000011185.1_CRISPR_1	NODE_16148_length_5567_cov_3.457741	100.0		True
CONTIG	NODE_16148_length_5567_cov_3.457741	5567	correct_unaligned
324	1251	1	928	GCA_000011185.1_crisprs_GCA_000011185.1_CRISPR_1	NODE_50083_length_3043_cov_3.681389	99.78		True
CONTIG	NODE_50083_length_3043_cov_3.681389	3043	correct_unaligned
1	1146	440	1585	GCA_000011185.1_crisprs_GCA_000011185.1_CRISPR_2	NODE_143127_length_1634_cov_3.603083	99.83		True
CONTIG	NODE_143127_length_1634_cov_3.603083	1634	correct
