S1	E1	S2	E2	Reference	Contig	IDY	Ambiguous	Best_group
1	229	3885	4113	GCA_000016425.1_crisprs_GCA_000016425.1_CRISPR_2	NODE_4945_length_22718_cov_9.904602	100.0		True
CONTIG	NODE_4945_length_22718_cov_9.904602	22718	correct_unaligned
1	229	1537	1309	GCA_000016425.1_crisprs_GCA_000016425.1_CRISPR_2	NODE_12347_length_8510_cov_6.295506	100.0		True
CONTIG	NODE_12347_length_8510_cov_6.295506	8510	correct_unaligned
1	229	3885	4113	GCA_000016425.1_crisprs_GCA_000016425.1_CRISPR_2	NODE_4886_length_22718_cov_9.904646	100.0		True
CONTIG	NODE_4886_length_22718_cov_9.904646	22718	correct_unaligned
1	1624	1699	3322	GCA_000016425.1_crisprs_GCA_000016425.1_CRISPR_1	NODE_5145_length_21857_cov_9.445097	100.0		True
CONTIG	NODE_5145_length_21857_cov_9.445097	21857	correct_unaligned
1	1624	12020	10397	GCA_000016425.1_crisprs_GCA_000016425.1_CRISPR_1	NODE_7218_length_13991_cov_6.609458	100.0		True
CONTIG	NODE_7218_length_13991_cov_6.609458	13991	correct_unaligned
1	1624	1699	3322	GCA_000016425.1_crisprs_GCA_000016425.1_CRISPR_1	NODE_5080_length_21857_cov_9.456426	100.0		True
CONTIG	NODE_5080_length_21857_cov_9.456426	21857	correct_unaligned
