S1	E1	S2	E2	Reference	Contig	IDY	Ambiguous	Best_group
1	229	5118	5346	GCA_000016425.1_crisprs_GCA_000016425.1_CRISPR_2	NODE_3973_length_15693_cov_5.460681	100.0		True
CONTIG	NODE_3973_length_15693_cov_5.460681	15693	correct_unaligned
1	772	781	10	GCA_000016425.1_crisprs_GCA_000016425.1_CRISPR_1	NODE_20572_length_4836_cov_5.312671	99.35		True
CONTIG	NODE_20572_length_4836_cov_5.312671	4836	correct_unaligned
748	1624	1	877	GCA_000016425.1_crisprs_GCA_000016425.1_CRISPR_1	NODE_132288_length_1728_cov_6.089643	100.0		True
CONTIG	NODE_132288_length_1728_cov_6.089643	1728	correct
