S1	E1	S2	E2	Reference	Contig	IDY	Ambiguous	Best_group
1	730	374703	373974	GCA_000299395.1_crisprs_GCA_000299395.1_CRISPR_0_from_569850__ml_	NODE_49_length_395019_cov_16.597994	100.0		True
CONTIG	NODE_49_length_395019_cov_16.597994	395019	correct_unaligned
1	730	11474	10745	GCA_000299395.1_crisprs_GCA_000299395.1_CRISPR_0_from_569850__ml_	NODE_3082_length_30261_cov_11.162669	100.0		True
CONTIG	NODE_3082_length_30261_cov_11.162669	30261	correct_unaligned
1	730	374703	373974	GCA_000299395.1_crisprs_GCA_000299395.1_CRISPR_0_from_569850__ml_	NODE_56_length_395019_cov_16.596270	100.0		True
CONTIG	NODE_56_length_395019_cov_16.596270	395019	correct_unaligned
