S1	E1	S2	E2	Reference	Contig	IDY	Ambiguous	Best_group
1	4153	22451	26459	GCA_000192865.1_crisprs_GCA_000192865.1_CRISPR_1	NODE_530_length_132332_cov_21.146102	96.51		True
unknown
1	598	38716	39313	GCA_000192865.1_crisprs_GCA_000192865.1_CRISPR_2	NODE_530_length_132332_cov_21.146102	100.0		True
unknown
CONTIG	NODE_530_length_132332_cov_21.146102	132332	mis_unaligned
1	598	32871	32274	GCA_000192865.1_crisprs_GCA_000192865.1_CRISPR_2	NODE_1038_length_71752_cov_15.444395	100.0		True
unknown
1	4153	49280	45128	GCA_000192865.1_crisprs_GCA_000192865.1_CRISPR_1	NODE_1038_length_71752_cov_15.444395	100.0		True
unknown
CONTIG	NODE_1038_length_71752_cov_15.444395	71752	mis_unaligned
1	4153	22451	26602	GCA_000192865.1_crisprs_GCA_000192865.1_CRISPR_1	NODE_520_length_132475_cov_21.163555	99.95		True
unknown
1	598	38859	39456	GCA_000192865.1_crisprs_GCA_000192865.1_CRISPR_2	NODE_520_length_132475_cov_21.163555	100.0		True
unknown
CONTIG	NODE_520_length_132475_cov_21.163555	132475	mis_unaligned
2134	3148	1	1015	GCA_000192865.1_crisprs_GCA_000192865.1_CRISPR_3	NODE_589_length_124560_cov_21.160347	100.0		True
CONTIG	NODE_589_length_124560_cov_21.160347	124560	correct_unaligned
1	2153	37518	39670	GCA_000192865.1_crisprs_GCA_000192865.1_CRISPR_3	NODE_2712_length_39670_cov_20.984577	100.0		True
CONTIG	NODE_2712_length_39670_cov_20.984577	39670	correct_unaligned
1	3148	11215	14462	GCA_000192865.1_crisprs_GCA_000192865.1_CRISPR_3	NODE_2914_length_31660_cov_15.369249	100.0		True
CONTIG	NODE_2914_length_31660_cov_15.369249	31660	correct_unaligned
2134	3148	1	1015	GCA_000192865.1_crisprs_GCA_000192865.1_CRISPR_3	NODE_573_length_124560_cov_21.160724	100.0		True
CONTIG	NODE_573_length_124560_cov_21.160724	124560	correct_unaligned
1	2153	37518	39670	GCA_000192865.1_crisprs_GCA_000192865.1_CRISPR_3	NODE_2684_length_39670_cov_20.987429	100.0		True
CONTIG	NODE_2684_length_39670_cov_20.987429	39670	correct_unaligned
1	2247	70369	72615	GCA_000192865.1_crisprs_GCA_000192865.1_CRISPR_4	NODE_1148_length_78851_cov_21.729631	100.0		True
CONTIG	NODE_1148_length_78851_cov_21.729631	78851	correct_unaligned
1	2247	31323	33569	GCA_000192865.1_crisprs_GCA_000192865.1_CRISPR_4	NODE_2200_length_39827_cov_14.920679	100.0		True
CONTIG	NODE_2200_length_39827_cov_14.920679	39827	correct_unaligned
1	2247	8483	6237	GCA_000192865.1_crisprs_GCA_000192865.1_CRISPR_4	NODE_1150_length_78851_cov_21.717549	100.0		True
CONTIG	NODE_1150_length_78851_cov_21.717549	78851	correct_unaligned
