S1	E1	S2	E2	Reference	Contig	IDY	Ambiguous	Best_group
1	206	557	352	GCA_000014885.1_crisprs_GCA_000014885.1_CRISPR_1	NODE_10161_length_10914_cov_7.742886	100.0		True
CONTIG	NODE_10161_length_10914_cov_7.742886	10914	correct_unaligned
1	206	2440	2645	GCA_000014885.1_crisprs_GCA_000014885.1_CRISPR_1	NODE_42135_length_2996_cov_5.990750	100.0		True
CONTIG	NODE_42135_length_2996_cov_5.990750	2996	correct_unaligned
1	206	557	352	GCA_000014885.1_crisprs_GCA_000014885.1_CRISPR_1	NODE_10109_length_10914_cov_7.736164	100.0		True
CONTIG	NODE_10109_length_10914_cov_7.736164	10914	correct_unaligned
