tool	sample	Weighted UniFrac error	Unweighted UniFrac error	L1 norm error	Completeness	Purity	F1 score	True positives	False positives	False negatives	Taxon counts	Jaccard index	Shannon diversity	Shannon equitability	Bray-Curtis distance
LSHVa	strmgCAMI2_short_read_average	0.014904948105528608	0.9721967864369986	0.051712941201068584	0.4	1.0	0.5714285714285715	2.0	0.0	3.0	2.0	0.4	0.6876713630432856	0.9921000652239022	0.02585647034196959
LSHVb	strmgCAMI2_short_read_average	0.0523987906257505	0.6040883856144053	0.6143453782337803	1.0	0.7142857142857143	0.8333333333333333	5.0	2.0	0.0	7.0	0.7142857142857143	0.8116649041562164	0.4171132488055822	0.3071726860451633
LSHVe	strmgCAMI2_short_read_average	0.028919703993837077	0.6998503339324157	0.2767290610171191	0.4	1.0	0.5714285714285715	2.0	0.0	3.0	2.0	0.4	0.6858740221446973	0.9895070504227219	0.13836452912491423
NSSAC	strmgCAMI2_short_read_average	0.029294917029651268	1.047994644960898	0.15711092347971342	0.8	0.26666666666666666	0.4	4.0	11.0	1.0	15.0	0.25	0.8225679937549222	0.303749167360386	0.08365117430150723
