tool	sample	Weighted UniFrac error	Unweighted UniFrac error	L1 norm error	Completeness	Purity	F1 score	True positives	False positives	False negatives	Taxon counts	Jaccard index	Shannon diversity	Shannon equitability	Bray-Curtis distance
LSHVa	strmgCAMI2_short_read_average	0.014904948105528608	0.9721967864369986	0.2026774369901318	0.3333333333333333	1.0	0.5	3.0	0.0	6.0	3.0	0.3333333333333333	0.8349321472018666	0.7599879919549117	0.10144292650213718
LSHVb	strmgCAMI2_short_read_average	0.0523987906257505	0.6040883856144053	0.668063564137483	0.8888888888888888	0.5714285714285714	0.6956521739130435	8.0	6.0	1.0	14.0	0.5333333333333333	1.1063046100090992	0.4192044627429085	0.3343752715742807
LSHVe	strmgCAMI2_short_read_average	0.028919703993837077	0.6998503339324157	0.28563266499999995	0.2222222222222222	1.0	0.3636363636363636	2.0	0.0	7.0	2.0	0.2222222222222222	0.6858740221446973	0.9895070504227219	0.14296319251173156
NSSAC	strmgCAMI2_short_read_average	0.029294917029651268	1.047994644960898	0.22783421885599833	0.7777777777777778	0.1206896551724138	0.208955223880597	7.0	51.0	2.0	58.0	0.11666666666666667	1.2635564240952337	0.31118683868073677	0.12211028353351652
