tool	sample	Weighted UniFrac error	Unweighted UniFrac error	L1 norm error	Completeness	Purity	F1 score	True positives	False positives	False negatives	Taxon counts	Jaccard index	Shannon diversity	Shannon equitability	Bray-Curtis distance
LSHVa	strmgCAMI2_short_read_average	0.014904948105528608	0.9721967864369986	0.27929452199013194	0.3333333333333333	1.0	0.5	4.0	0.0	8.0	4.0	0.3333333333333333	1.1193595980490376	0.807447270538405	0.1436508341638544
LSHVb	strmgCAMI2_short_read_average	0.0523987906257505	0.6040883856144053	0.8240780842541219	1.0	0.3076923076923077	0.47058823529411764	12.0	27.0	0.0	39.0	0.3076923076923077	2.6316357012803113	0.7183271241144505	0.4238518656783332
LSHVe	strmgCAMI2_short_read_average	0.028919703993837077	0.6998503339324157	0.3622497500000001	0.25	1.0	0.4	3.0	0.0	9.0	3.0	0.25	1.0011253195867245	0.9112635366571654	0.18631757756060222
NSSAC	strmgCAMI2_short_read_average	0.029294917029651268	1.047994644960898	0.3713283332670803	0.8333333333333334	0.078125	0.14285714285714285	10.0	118.0	2.0	128.0	0.07692307692307693	1.6250431060265385	0.33492023289932643	0.2051315800874061
