tool	sample	Weighted UniFrac error	Unweighted UniFrac error	L1 norm error	Completeness	Purity	F1 score	True positives	False positives	False negatives	Taxon counts	Jaccard index	Shannon diversity	Shannon equitability	Bray-Curtis distance
LSHVa	strmgCAMI2_short_read_average	0.014904948105528608	0.9721967864369986	0.07997859199013187	0.5	1.0	0.6666666666666666	3.0	0.0	3.0	3.0	0.5	0.8349321472018667	0.7599879919549118	0.0399892963949589
LSHVb	strmgCAMI2_short_read_average	0.0523987906257505	0.6040883856144053	0.6160468543686498	1.0	0.75	0.8571428571428571	6.0	2.0	0.0	8.0	0.75	0.9509699394095359	0.4573198718735385	0.3080234302645592
LSHVe	strmgCAMI2_short_read_average	0.028919703993837077	0.6998503339324157	0.27672902101711905	0.3333333333333333	1.0	0.5	2.0	0.0	4.0	2.0	0.3333333333333333	0.6858740221446973	0.9895070504227219	0.13836451189220467
NSSAC	strmgCAMI2_short_read_average	0.029294917029651268	1.047994644960898	0.18100736979019785	0.6666666666666666	0.12121212121212122	0.20512820512820512	4.0	29.0	2.0	33.0	0.11428571428571428	1.0278012663195122	0.2939508204262081	0.09535954656076245
