tool	sample	Weighted UniFrac error	Unweighted UniFrac error	L1 norm error	Completeness	Purity	F1 score	True positives	False positives	False negatives	Taxon counts	Jaccard index	Shannon diversity	Shannon equitability	Bray-Curtis distance
LSHVa	strmgCAMI2_short_read_average	0.014904948105528608	0.9721967864369986	0.051712911201068676	0.5	1.0	0.6666666666666666	2.0	0.0	2.0	2.0	0.5	0.6876713630432856	0.9921000652239022	0.02585645572981662
LSHVb	strmgCAMI2_short_read_average	0.0523987906257505	0.6040883856144053	0.6061971027625518	1.0	1.0	1.0	4.0	0.0	0.0	4.0	1.0	0.7561409744256343	0.5454404170084056	0.3030985528967687
LSHVe	strmgCAMI2_short_read_average	0.028919703993837077	0.6998503339324157	0.2767290310171192	0.5	1.0	0.6666666666666666	2.0	0.0	2.0	2.0	0.5	0.6858740221446973	0.9895070504227219	0.13836451620038215
NSSAC	strmgCAMI2_short_read_average	0.029294917029651268	1.047994644960898	0.16260368772643627	1.0	0.3333333333333333	0.5	4.0	8.0	0.0	12.0	0.3333333333333333	0.8683208611055659	0.3494380206112156	0.08612906128211169
