tool	sample	Weighted UniFrac error	Unweighted UniFrac error	L1 norm error	Completeness	Purity	F1 score	True positives	False positives	False negatives	Taxon counts	Jaccard index	Shannon diversity	Shannon equitability	Bray-Curtis distance
LSHVa	strmgCAMI2_short_read_average	0.014904948105528608	0.9721967864369986	0.6821528311622038	0.15	0.375	0.21428571428571425	3.0	5.0	17.0	8.0	0.12	1.582160087088967	0.7608581705119011	0.3523177693223834
LSHVb	strmgCAMI2_short_read_average	0.0523987906257505	0.6040883856144053	1.7840418021828297	0.55	0.06470588235294118	0.11578947368421055	11.0	159.0	9.0	170.0	0.061452513966480445	4.795678563263064	0.9337746841204801	0.921420537172089
LSHVe	strmgCAMI2_short_read_average	0.028919703993837077	0.6998503339324157	0.38990941	0.15	1.0	0.2608695652173913	3.0	0.0	17.0	3.0	0.15	1.0011253195867245	0.9112635366571654	0.20138011204169876
NSSAC	strmgCAMI2_short_read_average	0.029294917029651268	1.047994644960898	0.41822081304029074	0.45	0.027607361963190184	0.05202312138728324	9.0	317.0	11.0	326.0	0.026706231454005934	1.772319801175371	0.30626425256512796	0.2315038493682802
