S1	E1	S2	E2	Reference	Contig	IDY	Ambiguous	Best_group
1	610	84037	83428	GCA_000332115.1_crisprs_GCA_000332115.1_CRISPR_1_from_1103020__ml_	NODE_888_length_94221_cov_11.171410	99.67		True
unknown
1	550	85807	85258	GCA_000332115.1_crisprs_GCA_000332115.1_CRISPR_0_from_1101250__ml_	NODE_888_length_94221_cov_11.171410	100.0		True
unknown
1	610	89000	88391	GCA_000332115.1_crisprs_GCA_000332115.1_CRISPR_1_from_1103020__ml_	NODE_888_length_94221_cov_11.171410	99.67		True
unknown
1	550	90770	90221	GCA_000332115.1_crisprs_GCA_000332115.1_CRISPR_0_from_1101250__ml_	NODE_888_length_94221_cov_11.171410	100.0		True
unknown
CONTIG	NODE_888_length_94221_cov_11.171410	94221	mis_unaligned
1	550	5177	5726	GCA_000332115.1_crisprs_GCA_000332115.1_CRISPR_0_from_1101250__ml_	NODE_3845_length_24988_cov_7.544980	100.0		True
unknown
1	610	6947	7556	GCA_000332115.1_crisprs_GCA_000332115.1_CRISPR_1_from_1103020__ml_	NODE_3845_length_24988_cov_7.544980	100.0		True
unknown
CONTIG	NODE_3845_length_24988_cov_7.544980	24988	mis_unaligned
1	610	84037	83428	GCA_000332115.1_crisprs_GCA_000332115.1_CRISPR_1_from_1103020__ml_	NODE_885_length_94221_cov_11.209375	99.67		True
unknown
1	550	85807	85258	GCA_000332115.1_crisprs_GCA_000332115.1_CRISPR_0_from_1101250__ml_	NODE_885_length_94221_cov_11.209375	100.0		True
unknown
1	610	89000	88391	GCA_000332115.1_crisprs_GCA_000332115.1_CRISPR_1_from_1103020__ml_	NODE_885_length_94221_cov_11.209375	99.67		True
unknown
1	550	90770	90221	GCA_000332115.1_crisprs_GCA_000332115.1_CRISPR_0_from_1101250__ml_	NODE_885_length_94221_cov_11.209375	100.0		True
unknown
CONTIG	NODE_885_length_94221_cov_11.209375	94221	mis_unaligned
