S1	E1	S2	E2	Reference	Contig	IDY	Ambiguous	Best_group
513	598	133630	133545	GCA_000348785.1_crisprs_GCA_000348785.1_CRISPR_1_from_985880__ml_	NODE_23_length_1120427_cov_42.444768	95.35		True
unknown
1	860	134538	133679	GCA_000348785.1_crisprs_GCA_000348785.1_CRISPR_1_from_985880__ml_	NODE_23_length_1120427_cov_42.444768	99.65		True
unknown
135	617	134638	134156	GCA_000348785.1_crisprs_GCA_000348785.1_CRISPR_1_from_985880__ml_	NODE_23_length_1120427_cov_42.444768	98.14		True
unknown
CONTIG	NODE_23_length_1120427_cov_42.444768	1120427	mis_unaligned
1	160	596741	596582	GCA_000348785.1_crisprs_GCA_000348785.1_CRISPR_0_from_2330345__crt_	NODE_51_length_610530_cov_42.086269	99.38		True
CONTIG	NODE_51_length_610530_cov_42.086269	610530	correct_unaligned
