S1	E1	S2	E2	Reference	Contig	IDY	Ambiguous	Best_group
1	160	596719	596560	GCA_000348785.1_crisprs_GCA_000348785.1_CRISPR_0_from_2330345__crt_	NODE_19_length_610486_cov_54.316578	100.0		True
CONTIG	NODE_19_length_610486_cov_54.316578	610486	correct_unaligned
1	160	124151	123992	GCA_000348785.1_crisprs_GCA_000348785.1_CRISPR_0_from_2330345__crt_	NODE_384_length_137940_cov_39.634057	100.0		True
CONTIG	NODE_384_length_137940_cov_39.634057	137940	correct_unaligned
1	160	596719	596560	GCA_000348785.1_crisprs_GCA_000348785.1_CRISPR_0_from_2330345__crt_	NODE_19_length_610486_cov_54.300951	100.0		True
CONTIG	NODE_19_length_610486_cov_54.300951	610486	correct_unaligned
202	860	1	659	GCA_000348785.1_crisprs_GCA_000348785.1_CRISPR_1_from_985880__ml_	NODE_511_length_135577_cov_56.191091	100.0		True
unknown
513	796	510	793	GCA_000348785.1_crisprs_GCA_000348785.1_CRISPR_1_from_985880__ml_	NODE_511_length_135577_cov_56.191091	98.59		True
unknown
CONTIG	NODE_511_length_135577_cov_56.191091	135577	mis_unaligned
513	796	134192	133909	GCA_000348785.1_crisprs_GCA_000348785.1_CRISPR_1_from_985880__ml_	NODE_190_length_197055_cov_39.065698	98.59		True
unknown
135	860	134768	134043	GCA_000348785.1_crisprs_GCA_000348785.1_CRISPR_1_from_985880__ml_	NODE_190_length_197055_cov_39.065698	99.59		True
unknown
CONTIG	NODE_190_length_197055_cov_39.065698	197055	mis_unaligned
286	860	1	575	GCA_000348785.1_crisprs_GCA_000348785.1_CRISPR_1_from_985880__ml_	NODE_410_length_153475_cov_56.981261	99.65		True
unknown
513	796	426	709	GCA_000348785.1_crisprs_GCA_000348785.1_CRISPR_1_from_985880__ml_	NODE_410_length_153475_cov_56.981261	98.59		True
unknown
CONTIG	NODE_410_length_153475_cov_56.981261	153475	mis_unaligned
135	340	62266	62471	GCA_000348785.1_crisprs_GCA_000348785.1_CRISPR_1_from_985880__ml_	NODE_1567_length_62471_cov_53.378637	98.06		True
CONTIG	NODE_1567_length_62471_cov_53.378637	62471	correct_unaligned
