S1	E1	S2	E2	Reference	Contig	IDY	Ambiguous	Best_group
1	3306	632554	635859	GCA_000015145.1_crisprs_GCA_000015145.1_CRISPR_1	NODE_12_length_1667163_cov_382.602169	100.0		True
unknown
1	3182	702375	705556	GCA_000015145.1_crisprs_GCA_000015145.1_CRISPR_2	NODE_12_length_1667163_cov_382.602169	100.0		True
unknown
CONTIG	NODE_12_length_1667163_cov_382.602169	1667163	mis_unaligned
