S1	E1	S2	E2	Reference	Contig	IDY	Ambiguous	Best_group
1	3446	5829	9274	GCA_000195335.1_crisprs_GCA_000195335.1_CRISPR_3	NODE_772_length_104406_cov_13.551207	100.0		True
CONTIG	NODE_772_length_104406_cov_13.551207	104406	correct_unaligned
1	3446	4506	1061	GCA_000195335.1_crisprs_GCA_000195335.1_CRISPR_3	NODE_10034_length_10356_cov_11.051756	100.0		True
CONTIG	NODE_10034_length_10356_cov_11.051756	10356	correct_unaligned
1	3446	5829	9274	GCA_000195335.1_crisprs_GCA_000195335.1_CRISPR_3	NODE_760_length_104406_cov_13.559065	100.0		True
CONTIG	NODE_760_length_104406_cov_13.559065	104406	correct_unaligned
1	1848	13336	11489	GCA_000195335.1_crisprs_GCA_000195335.1_CRISPR_4	NODE_1353_length_69690_cov_13.042938	100.0		True
CONTIG	NODE_1353_length_69690_cov_13.042938	69690	correct_unaligned
1	1848	12716	14494	GCA_000195335.1_crisprs_GCA_000195335.1_CRISPR_4	NODE_3444_length_27396_cov_9.241517	96.27		True
CONTIG	NODE_3444_length_27396_cov_9.241517	27396	correct_unaligned
1	1848	13336	11489	GCA_000195335.1_crisprs_GCA_000195335.1_CRISPR_4	NODE_1356_length_69690_cov_13.029267	100.0		True
CONTIG	NODE_1356_length_69690_cov_13.029267	69690	correct_unaligned
1	3455	22904	26358	GCA_000195335.1_crisprs_GCA_000195335.1_CRISPR_2	NODE_1763_length_57105_cov_13.949097	100.0		True
CONTIG	NODE_1763_length_57105_cov_13.949097	57105	correct_unaligned
1	3455	10975	7521	GCA_000195335.1_crisprs_GCA_000195335.1_CRISPR_2	NODE_4499_length_21609_cov_10.202722	100.0		True
CONTIG	NODE_4499_length_21609_cov_10.202722	21609	correct_unaligned
1	3455	22904	26358	GCA_000195335.1_crisprs_GCA_000195335.1_CRISPR_2	NODE_1762_length_57105_cov_13.973427	100.0		True
CONTIG	NODE_1762_length_57105_cov_13.973427	57105	correct_unaligned
1	1834	17572	15739	GCA_000195335.1_crisprs_GCA_000195335.1_CRISPR_1	NODE_2188_length_47723_cov_12.440065	100.0		True
CONTIG	NODE_2188_length_47723_cov_12.440065	47723	correct_unaligned
1	1834	17557	15724	GCA_000195335.1_crisprs_GCA_000195335.1_CRISPR_1	NODE_4774_length_20487_cov_8.498285	100.0		True
CONTIG	NODE_4774_length_20487_cov_8.498285	20487	correct_unaligned
1	1834	17572	15739	GCA_000195335.1_crisprs_GCA_000195335.1_CRISPR_1	NODE_2176_length_47723_cov_12.423303	100.0		True
CONTIG	NODE_2176_length_47723_cov_12.423303	47723	correct_unaligned
